"subjects","AF3_Beta_power_OLCTS_StandardBand_Closed","F7_Beta_power_OLCTS_StandardBand_Closed","F3_Beta_power_OLCTS_StandardBand_Closed","FC5_Beta_power_OLCTS_StandardBand_Closed","T7_Beta_power_OLCTS_StandardBand_Closed","P7_Beta_power_OLCTS_StandardBand_Closed","O1_Beta_power_OLCTS_StandardBand_Closed","O2_Beta_power_OLCTS_StandardBand_Closed","P8_Beta_power_OLCTS_StandardBand_Closed","T8_Beta_power_OLCTS_StandardBand_Closed","FC6_Beta_power_OLCTS_StandardBand_Closed","F4_Beta_power_OLCTS_StandardBand_Closed","F8_Beta_power_OLCTS_StandardBand_Closed","AF4_Beta_power_OLCTS_StandardBand_Closed","AF3_Low.Beta_power_OLCTS_StandardBand_Closed","AF3_Upper.Beta_power_OLCTS_StandardBand_Closed","AF3_High.Beta_power_OLCTS_StandardBand_Closed","F7_Upper.Beta_power_OLCTS_StandardBand_Closed","F7_High.Beta_power_OLCTS_StandardBand_Closed","F7_Low.Beta_power_OLCTS_StandardBand_Closed","F3_Low.Beta_power_OLCTS_StandardBand_Closed","F3_Upper.Beta_power_OLCTS_StandardBand_Closed","F3_High.Beta_power_OLCTS_StandardBand_Closed","FC5_Low.Beta_power_OLCTS_StandardBand_Closed","FC5_Upper.Beta_power_OLCTS_StandardBand_Closed","FC5_High.Beta_power_OLCTS_StandardBand_Closed","T7_Low.Beta_power_OLCTS_StandardBand_Closed","T7_Upper.Beta_power_OLCTS_StandardBand_Closed","T7_High.Beta_power_OLCTS_StandardBand_Closed","P7_Low.Beta_power_OLCTS_StandardBand_Closed","P7_Upper.Beta_power_OLCTS_StandardBand_Closed","P7_High.Beta_power_OLCTS_StandardBand_Closed","O1_Low.Beta_power_OLCTS_StandardBand_Closed","O1_Upper.Beta_power_OLCTS_StandardBand_Closed","O1_High.Beta_power_OLCTS_StandardBand_Closed","O2_Low.Beta_power_OLCTS_StandardBand_Closed","O2_Upper.Beta_power_OLCTS_StandardBand_Closed","O2_High.Beta_power_OLCTS_StandardBand_Closed","P8_Low.Beta_power_OLCTS_StandardBand_Closed","P8_Upper.Beta_power_OLCTS_StandardBand_Closed","P8_High.Beta_power_OLCTS_StandardBand_Closed","T8_Low.Beta_power_OLCTS_StandardBand_Closed","T8_Upper.Beta_power_OLCTS_StandardBand_Closed","T8_High.Beta_power_OLCTS_StandardBand_Closed","FC6_Low.Beta_power_OLCTS_StandardBand_Closed","FC6_Upper.Beta_power_OLCTS_StandardBand_Closed","FC6_High.Beta_power_OLCTS_StandardBand_Closed","F4_Low.Beta_power_OLCTS_StandardBand_Closed","F4_Upper.Beta_power_OLCTS_StandardBand_Closed","F4_High.Beta_power_OLCTS_StandardBand_Closed","F8_Low.Beta_power_OLCTS_StandardBand_Closed","F8_Upper.Beta_power_OLCTS_StandardBand_Closed","F8_High.Beta_power_OLCTS_StandardBand_Closed","AF4_Low.Beta_power_OLCTS_StandardBand_Closed","AF4_Upper.Beta_power_OLCTS_StandardBand_Closed","AF4_High.Beta_power_OLCTS_StandardBand_Closed","AF3_Beta_power_Python_StandardBand_Closed","F7_Beta_power_Python_StandardBand_Closed","F3_Beta_power_Python_StandardBand_Closed","FC5_Beta_power_Python_StandardBand_Closed","T7_Beta_power_Python_StandardBand_Closed","P7_Beta_power_Python_StandardBand_Closed","O1_Beta_power_Python_StandardBand_Closed","O2_Beta_power_Python_StandardBand_Closed","P8_Beta_power_Python_StandardBand_Closed","T8_Beta_power_Python_StandardBand_Closed","FC6_Beta_power_Python_StandardBand_Closed","F4_Beta_power_Python_StandardBand_Closed","F8_Beta_power_Python_StandardBand_Closed","AF4_Beta_power_Python_StandardBand_Closed","AF3_Low.Beta_power_Python_StandardBand_Closed","AF3_Upper.Beta_power_Python_StandardBand_Closed","AF3_High.Beta_power_Python_StandardBand_Closed","F7_Low.Beta_power_Python_StandardBand_Closed","F7_Upper.Beta_power_Python_StandardBand_Closed","F7_High.Beta_power_Python_StandardBand_Closed","F3_Low.Beta_power_Python_StandardBand_Closed","F3_Upper.Beta_power_Python_StandardBand_Closed","F3_High.Beta_power_Python_StandardBand_Closed","FC5_Low.Beta_power_Python_StandardBand_Closed","FC5_Upper.Beta_power_Python_StandardBand_Closed","FC5_High.Beta_power_Python_StandardBand_Closed","T7_Low.Beta_power_Python_StandardBand_Closed","T7_Upper.Beta_power_Python_StandardBand_Closed","T7_High.Beta_power_Python_StandardBand_Closed","P7_Low.Beta_power_Python_StandardBand_Closed","P7_Upper.Beta_power_Python_StandardBand_Closed","P7_High.Beta_power_Python_StandardBand_Closed","O1_Low.Beta_power_Python_StandardBand_Closed","O1_Upper.Beta_power_Python_StandardBand_Closed","O1_High.Beta_power_Python_StandardBand_Closed","O2_Low.Beta_power_Python_StandardBand_Closed","O2_Upper.Beta_power_Python_StandardBand_Closed","O2_High.Beta_power_Python_StandardBand_Closed","P8_Low.Beta_power_Python_StandardBand_Closed","P8_Upper.Beta_power_Python_StandardBand_Closed","P8_High.Beta_power_Python_StandardBand_Closed","T8_Low.Beta_power_Python_StandardBand_Closed","T8_Upper.Beta_power_Python_StandardBand_Closed","T8_High.Beta_power_Python_StandardBand_Closed","FC6_Low.Beta_power_Python_StandardBand_Closed","FC6_Upper.Beta_power_Python_StandardBand_Closed","FC6_High.Beta_power_Python_StandardBand_Closed","F4_Low.Beta_power_Python_StandardBand_Closed","F4_Upper.Beta_power_Python_StandardBand_Closed","F4_High.Beta_power_Python_StandardBand_Closed","F8_Low.Beta_power_Python_StandardBand_Closed","F8_Upper.Beta_power_Python_StandardBand_Closed","F8_High.Beta_power_Python_StandardBand_Closed","AF4_Low.Beta_power_Python_StandardBand_Closed","AF4_Upper.Beta_power_Python_StandardBand_Closed","AF4_High.Beta_power_Python_StandardBand_Closed","model"
15000,NA,NA,NA,NA,NA,NA,NA,NA,NA,NA,NA,NA,NA,NA,8.924779061,7.726438518,7.303252328,12.99996601,12.39602858,NA,7.914420041,7.104184409,6.810119894,7.940560761,7.389655671,6.899585302,7.662100824,7.093129434,6.763292152,7.715453191,7.127378125,6.737894707,8.158198828,7.374259034,6.980326116,9.416018545,7.886727334,7.502381502,9.771751175,8.595083744,8.057686907,8.885869104,7.642568313,7.21615044,8.978131062,7.712847665,7.318124159,8.960330482,7.751577517,7.358927917,9.201099334,8.192910738,7.766879498,9.066197845,7.890823825,7.531471888,NA,NA,NA,NA,NA,NA,NA,NA,NA,NA,NA,NA,NA,NA,NA,NA,NA,NA,NA,NA,NA,NA,NA,NA,NA,NA,NA,NA,NA,NA,NA,NA,NA,NA,NA,NA,NA,NA,NA,NA,NA,NA,NA,NA,NA,NA,NA,NA,NA,NA,NA,NA,NA,NA,NA,NA,"LTM"
15001,NA,NA,NA,NA,NA,NA,NA,NA,NA,NA,NA,NA,NA,NA,9.132488387,8.808243243,8.17441844,8.53146457,7.813107332,NA,8.65997125,8.441495575,7.870138928,8.241460885,8.02532977,7.48898971,8.146500333,7.811531625,7.347705638,8.215155879,7.804858869,7.579760991,8.756513096,8.279337762,7.5498872,9.216781059,8.721090074,8.005790282,9.310190345,8.878426299,8.214587898,9.41926456,8.906624222,8.134399161,9.723877596,9.142508311,8.460785838,9.524059684,9.038822588,8.334310448,9.555651556,9.003450219,8.187386195,9.460813609,8.980881331,8.280694249,NA,NA,NA,NA,NA,NA,NA,NA,NA,NA,NA,NA,NA,NA,NA,NA,NA,NA,NA,NA,NA,NA,NA,NA,NA,NA,NA,NA,NA,NA,NA,NA,NA,NA,NA,NA,NA,NA,NA,NA,NA,NA,NA,NA,NA,NA,NA,NA,NA,NA,NA,NA,NA,NA,NA,NA,"LTM"
15002,NA,NA,NA,NA,NA,NA,NA,NA,NA,NA,NA,NA,NA,NA,8.560452443,8.198357387,7.800652137,7.944038986,7.445014651,NA,8.290732957,8.037164563,7.588604939,8.071283084,7.766749054,7.24313286,7.594334589,7.369725891,6.865893982,7.771515804,7.496314983,7.12620262,8.046782175,7.768463727,7.216088608,8.581178937,8.39875877,7.787144281,8.664169563,8.391578894,7.927102266,8.736007079,8.35247743,7.862543675,8.708198422,8.322123567,7.795675658,8.765880078,8.369355105,7.895880053,8.820408954,8.414869825,7.871046276,8.76979039,8.464379957,7.952020886,NA,NA,NA,NA,NA,NA,NA,NA,NA,NA,NA,NA,NA,NA,NA,NA,NA,NA,NA,NA,NA,NA,NA,NA,NA,NA,NA,NA,NA,NA,NA,NA,NA,NA,NA,NA,NA,NA,NA,NA,NA,NA,NA,NA,NA,NA,NA,NA,NA,NA,NA,NA,NA,NA,NA,NA,"biased"
15003,NA,NA,NA,NA,NA,NA,NA,NA,NA,NA,NA,NA,NA,NA,8.950346051,8.637031292,8.386432585,7.942820364,7.633266282,NA,8.624763276,8.228556731,7.627851123,8.120898418,7.914911831,7.600565688,7.759044742,7.658723831,7.545586441,7.458900591,7.272910036,6.771461448,8.250056261,8.021626217,7.300993258,8.879611919,8.539606147,7.665582509,8.859345501,8.341897121,7.647752626,8.991856613,8.593040781,8.041454943,8.820312141,8.409691079,8.118621206,8.918054018,8.603366758,8.026613336,8.868859622,8.431738652,8.146540768,8.987108026,8.506976838,8.006500253,NA,NA,NA,NA,NA,NA,NA,NA,NA,NA,NA,NA,NA,NA,NA,NA,NA,NA,NA,NA,NA,NA,NA,NA,NA,NA,NA,NA,NA,NA,NA,NA,NA,NA,NA,NA,NA,NA,NA,NA,NA,NA,NA,NA,NA,NA,NA,NA,NA,NA,NA,NA,NA,NA,NA,NA,"LTM"
15004,NA,NA,NA,NA,NA,NA,NA,NA,NA,NA,NA,NA,NA,NA,9.266518378,8.614125337,7.744710385,8.388324286,7.513347365,NA,8.93607188,8.361497655,7.484881326,8.642993477,8.256033644,7.651482495,8.486286106,8.022842918,7.273456832,8.4734369,7.874672363,7.259865635,8.756433209,8.266089788,7.325849767,9.372353431,8.760222722,7.683563201,9.56372114,8.864244422,7.805790967,9.760607147,9.009910259,8.023845764,9.439728658,8.82355024,7.927294801,9.536262899,8.947514268,7.846650602,9.495552304,8.915494072,7.98129633,9.554224002,8.868980858,7.994358241,NA,NA,NA,NA,NA,NA,NA,NA,NA,NA,NA,NA,NA,NA,NA,NA,NA,NA,NA,NA,NA,NA,NA,NA,NA,NA,NA,NA,NA,NA,NA,NA,NA,NA,NA,NA,NA,NA,NA,NA,NA,NA,NA,NA,NA,NA,NA,NA,NA,NA,NA,NA,NA,NA,NA,NA,"metaRL"
15005,NA,NA,NA,NA,NA,NA,NA,NA,NA,NA,NA,NA,NA,NA,8.717196342,8.503429447,7.792125227,8.087588695,7.543383659,NA,8.600130006,8.392799299,7.709778693,8.991839659,8.593088589,8.057389295,8.448765565,8.451350806,8.396198817,8.466158829,8.267189833,7.508060928,9.332415153,9.486791713,7.828994743,9.932966733,9.78766771,8.356448325,9.377697795,9.214217673,8.140828827,9.022360468,8.786786598,7.885791445,8.993862381,8.759850295,7.99545826,8.960533342,8.698629415,7.952799477,9.185452449,8.939922483,8.109839431,8.814551085,8.590616761,7.883177122,NA,NA,NA,NA,NA,NA,NA,NA,NA,NA,NA,NA,NA,NA,NA,NA,NA,NA,NA,NA,NA,NA,NA,NA,NA,NA,NA,NA,NA,NA,NA,NA,NA,NA,NA,NA,NA,NA,NA,NA,NA,NA,NA,NA,NA,NA,NA,NA,NA,NA,NA,NA,NA,NA,NA,NA,"biased"
15006,NA,NA,NA,NA,NA,NA,NA,NA,NA,NA,NA,NA,NA,NA,9.064911254,8.028606122,7.64416329,8.200561783,8.023072655,NA,8.778874691,7.917592357,7.363868989,8.304310331,7.549371673,7.326971691,7.825163745,7.417091731,6.953761646,7.875225544,7.65593457,7.344583281,8.576008306,8.173604274,7.813942473,9.297768232,8.616589481,8.239820954,8.975352338,8.169464271,7.90075929,9.175192104,8.424308275,8.031079158,8.91680521,8.060966475,7.64940854,8.927496556,7.839700545,7.441300358,9.385409167,8.621512581,8.241996466,9.173063896,8.172210817,7.815948559,NA,NA,NA,NA,NA,NA,NA,NA,NA,NA,NA,NA,NA,NA,NA,NA,NA,NA,NA,NA,NA,NA,NA,NA,NA,NA,NA,NA,NA,NA,NA,NA,NA,NA,NA,NA,NA,NA,NA,NA,NA,NA,NA,NA,NA,NA,NA,NA,NA,NA,NA,NA,NA,NA,NA,NA,"LTM"
15008,NA,NA,NA,NA,NA,NA,NA,NA,NA,NA,NA,NA,NA,NA,8.093567842,7.618394066,7.339319078,10.67248907,9.985769881,NA,7.467080497,7.139545575,6.802143915,7.995346265,7.443268526,7.051001145,7.603781702,7.642175979,8.037525603,7.950562931,7.804748195,7.717388731,8.098835139,7.725857142,7.270112255,8.329901,7.951240113,7.46816447,8.37117183,8.057755688,7.605269504,8.411026716,8.132100815,7.811863909,8.350036358,7.820308246,7.62352373,8.128311824,7.645158812,7.363202196,8.518577495,7.970481058,7.781375476,8.353135624,7.80433374,7.532642195,NA,NA,NA,NA,NA,NA,NA,NA,NA,NA,NA,NA,NA,NA,NA,NA,NA,NA,NA,NA,NA,NA,NA,NA,NA,NA,NA,NA,NA,NA,NA,NA,NA,NA,NA,NA,NA,NA,NA,NA,NA,NA,NA,NA,NA,NA,NA,NA,NA,NA,NA,NA,NA,NA,NA,NA,"LTM"
15009,NA,NA,NA,NA,NA,NA,NA,NA,NA,NA,NA,NA,NA,NA,8.703622819,8.527701322,8.300609003,8.041383091,7.580536238,NA,8.133134936,7.767788699,7.156580659,8.093266781,7.756610974,7.35881755,8.498826237,8.568026741,7.732433491,8.160637466,7.726632415,7.37770722,8.506558052,8.072518093,7.463941549,9.347968991,8.668000123,7.815890809,9.090820766,8.535145483,7.805654031,9.251522384,8.781237756,8.127878408,8.829311912,8.260902538,7.788821237,8.76320858,8.217373415,7.540087328,8.921821999,8.344610547,7.795526414,8.829677982,8.39557365,7.935011614,NA,NA,NA,NA,NA,NA,NA,NA,NA,NA,NA,NA,NA,NA,NA,NA,NA,NA,NA,NA,NA,NA,NA,NA,NA,NA,NA,NA,NA,NA,NA,NA,NA,NA,NA,NA,NA,NA,NA,NA,NA,NA,NA,NA,NA,NA,NA,NA,NA,NA,NA,NA,NA,NA,NA,NA,"metaRL"
15010,NA,NA,NA,NA,NA,NA,NA,NA,NA,NA,NA,NA,NA,NA,8.861398885,8.393451827,8.199634676,8.118740723,8.034373498,NA,7.690084714,7.393301373,7.326713214,8.482087231,8.086517853,7.944504659,8.536961912,8.565531995,9.078286278,7.651031457,7.338580939,7.165407333,8.942938873,8.316020337,8.036470284,9.459439439,8.939818018,8.43890129,9.104672946,8.671156811,8.428326315,9.071173884,8.65405481,8.414987043,9.049539994,8.664734627,8.560189824,8.986014493,8.575989093,8.429139782,8.961471667,8.510925797,8.355382156,8.950280704,8.547449799,8.348656233,NA,NA,NA,NA,NA,NA,NA,NA,NA,NA,NA,NA,NA,NA,NA,NA,NA,NA,NA,NA,NA,NA,NA,NA,NA,NA,NA,NA,NA,NA,NA,NA,NA,NA,NA,NA,NA,NA,NA,NA,NA,NA,NA,NA,NA,NA,NA,NA,NA,NA,NA,NA,NA,NA,NA,NA,"LTM"
15011,NA,NA,NA,NA,NA,NA,NA,NA,NA,NA,NA,NA,NA,NA,8.836620557,8.211718165,7.69666021,8.202717469,7.764428553,NA,8.680360099,8.113303358,7.560548906,8.48460099,8.026505207,7.621413393,8.143397174,7.590878011,7.011183072,8.048268773,7.526186772,6.981237311,8.324573333,7.811958224,7.075657609,9.777030444,8.619055481,7.829285457,9.391916622,8.50852535,7.761751202,9.051648285,8.468445759,7.640263926,8.977875654,8.712851487,8.110685531,8.929481685,8.411544783,7.689055688,9.162321391,8.608753163,8.083859199,9.126382524,8.674648904,8.155954763,NA,NA,NA,NA,NA,NA,NA,NA,NA,NA,NA,NA,NA,NA,NA,NA,NA,NA,NA,NA,NA,NA,NA,NA,NA,NA,NA,NA,NA,NA,NA,NA,NA,NA,NA,NA,NA,NA,NA,NA,NA,NA,NA,NA,NA,NA,NA,NA,NA,NA,NA,NA,NA,NA,NA,NA,"LTM"
15013,NA,NA,NA,NA,NA,NA,NA,NA,NA,NA,NA,NA,NA,NA,9.915952447,8.282950331,7.97779833,8.093290801,7.747045291,NA,9.476149347,7.868057304,7.441918162,9.120032614,7.729593863,7.435156602,8.020058325,7.141482738,6.836979937,8.573799828,7.389120353,7.298915621,9.667029087,7.856362454,7.564876865,10.76392507,8.482553988,8.209997911,10.48690936,8.357546889,8.088860704,10.33703219,8.558481567,8.439520396,10.13877619,8.429871687,8.020086924,9.984795434,8.201151843,7.733067358,10.11341134,8.673662089,8.275513053,10.05636409,8.464229772,8.031523838,NA,NA,NA,NA,NA,NA,NA,NA,NA,NA,NA,NA,NA,NA,NA,NA,NA,NA,NA,NA,NA,NA,NA,NA,NA,NA,NA,NA,NA,NA,NA,NA,NA,NA,NA,NA,NA,NA,NA,NA,NA,NA,NA,NA,NA,NA,NA,NA,NA,NA,NA,NA,NA,NA,NA,NA,"LTM"
15014,NA,NA,NA,NA,NA,NA,NA,NA,NA,NA,NA,NA,NA,NA,9.672633439,9.043635232,9.560738167,8.27206947,7.617932132,NA,9.084334184,8.174972521,7.52767838,8.961635227,8.207027457,7.74876151,8.796984291,7.87104974,7.16981606,8.827423924,7.904086611,7.369847466,9.086609947,8.348651129,7.516835225,10.24116336,9.179023823,8.340007846,10.53889979,9.3306733,8.538994573,10.2522525,8.924381568,7.954552707,10.0482462,8.814719371,7.982176207,10.05024675,8.928323119,8.023126654,9.798030186,8.716734909,7.953453472,10.17764671,9.944233372,9.266073363,NA,NA,NA,NA,NA,NA,NA,NA,NA,NA,NA,NA,NA,NA,NA,NA,NA,NA,NA,NA,NA,NA,NA,NA,NA,NA,NA,NA,NA,NA,NA,NA,NA,NA,NA,NA,NA,NA,NA,NA,NA,NA,NA,NA,NA,NA,NA,NA,NA,NA,NA,NA,NA,NA,NA,NA,"LTM"
15015,NA,NA,NA,NA,NA,NA,NA,NA,NA,NA,NA,NA,NA,NA,9.32394704,8.687196351,8.166345362,8.230942416,7.774667408,NA,8.665822384,8.109020519,7.559976079,8.589164077,8.102666345,7.578963319,8.363064602,7.951252282,7.353957952,8.690079294,8.22106997,7.503014311,9.437090352,8.525511672,7.792520872,10.09360912,9.267631784,8.539906434,9.773873807,9.08077419,8.492483213,9.237042974,8.706526981,8.1640065,9.018309143,8.545032691,7.995198333,9.222818855,8.739774038,8.149973051,9.117604436,8.54638591,8.133631574,9.239216872,8.668084133,8.197743704,NA,NA,NA,NA,NA,NA,NA,NA,NA,NA,NA,NA,NA,NA,NA,NA,NA,NA,NA,NA,NA,NA,NA,NA,NA,NA,NA,NA,NA,NA,NA,NA,NA,NA,NA,NA,NA,NA,NA,NA,NA,NA,NA,NA,NA,NA,NA,NA,NA,NA,NA,NA,NA,NA,NA,NA,"metaRL"
15017,NA,NA,NA,NA,NA,NA,NA,NA,NA,NA,NA,NA,NA,NA,9.484571006,8.915910788,7.776407052,8.582964793,7.686385217,NA,9.255065871,8.792984735,7.438681772,8.8039347,8.341824056,7.265494594,8.245887633,7.639752056,6.881090128,8.523291473,7.908885786,6.953082051,8.973363336,8.363480768,7.324532937,9.776827891,9.019433017,7.961155479,9.803594867,8.995513598,7.795742542,9.785872641,8.966074977,7.868211663,9.706321479,9.00641337,7.864129451,9.675795645,9.174435645,7.856205966,9.797660191,9.192721951,8.163722008,9.546752637,9.032528526,7.894390223,NA,NA,NA,NA,NA,NA,NA,NA,NA,NA,NA,NA,NA,NA,NA,NA,NA,NA,NA,NA,NA,NA,NA,NA,NA,NA,NA,NA,NA,NA,NA,NA,NA,NA,NA,NA,NA,NA,NA,NA,NA,NA,NA,NA,NA,NA,NA,NA,NA,NA,NA,NA,NA,NA,NA,NA,"biased"
15019,NA,NA,NA,NA,NA,NA,NA,NA,NA,NA,NA,NA,NA,NA,8.290143793,7.758835898,7.353155928,7.584263533,7.287160911,NA,8.083747939,7.647137768,7.155409491,7.795515281,7.340044014,6.970115822,7.715775016,7.718227254,7.595309168,7.624735648,7.318082527,6.982495126,8.03805199,7.557313342,7.280723475,9.04271755,8.689478083,8.02921344,8.671194556,8.342062554,7.839697689,8.458888699,8.085226604,7.996687381,8.377265111,7.947481035,7.619527683,8.271955436,7.769601114,7.388012487,8.433829434,8.012779335,7.5840208,8.32838412,7.799707061,7.448348761,NA,NA,NA,NA,NA,NA,NA,NA,NA,NA,NA,NA,NA,NA,NA,NA,NA,NA,NA,NA,NA,NA,NA,NA,NA,NA,NA,NA,NA,NA,NA,NA,NA,NA,NA,NA,NA,NA,NA,NA,NA,NA,NA,NA,NA,NA,NA,NA,NA,NA,NA,NA,NA,NA,NA,NA,"metaRL"
15020,NA,NA,NA,NA,NA,NA,NA,NA,NA,NA,NA,NA,NA,NA,8.606924369,8.120077562,7.739597598,7.856865506,7.579822898,NA,8.317394951,7.944539477,7.604888392,7.92202996,7.443159773,7.252164304,7.766966121,7.340941036,7.226361535,7.482132497,7.007184633,6.841197542,9.064039152,8.107050591,7.75282707,9.398655489,8.486092091,8.131305544,8.956380527,8.359965077,8.02123213,8.686204388,8.621478861,8.247223441,8.62584918,8.316244944,7.909102473,8.686616388,8.259756073,7.841923101,8.576226802,8.274675184,7.774974663,8.668838455,8.267792289,7.857668304,NA,NA,NA,NA,NA,NA,NA,NA,NA,NA,NA,NA,NA,NA,NA,NA,NA,NA,NA,NA,NA,NA,NA,NA,NA,NA,NA,NA,NA,NA,NA,NA,NA,NA,NA,NA,NA,NA,NA,NA,NA,NA,NA,NA,NA,NA,NA,NA,NA,NA,NA,NA,NA,NA,NA,NA,"LTM"
15021,NA,NA,NA,NA,NA,NA,NA,NA,NA,NA,NA,NA,NA,NA,8.503687014,8.224890067,7.526493478,8.233873651,7.600947277,NA,8.419757397,8.191817804,7.371383673,7.962330165,7.875886683,7.328047652,7.364454398,7.14923107,6.668522947,7.775747374,7.624305555,6.838212523,8.256727565,8.167940546,7.409342406,8.887357883,8.297647344,7.6697557,9.212616037,8.629928903,7.84448429,9.003909926,8.521241648,7.874378519,9.081416253,8.858086662,8.671354686,8.658837643,8.497837964,7.685375252,9.095252833,8.874736612,8.199499501,8.905838217,8.614691431,8.057264466,NA,NA,NA,NA,NA,NA,NA,NA,NA,NA,NA,NA,NA,NA,NA,NA,NA,NA,NA,NA,NA,NA,NA,NA,NA,NA,NA,NA,NA,NA,NA,NA,NA,NA,NA,NA,NA,NA,NA,NA,NA,NA,NA,NA,NA,NA,NA,NA,NA,NA,NA,NA,NA,NA,NA,NA,"metaRL"
15022,NA,NA,NA,NA,NA,NA,NA,NA,NA,NA,NA,NA,NA,NA,9.333806788,8.417277781,7.525254473,8.129467338,7.266830728,NA,9.057938228,8.209760914,7.37336187,8.667728053,7.841767981,6.975064361,8.40288476,7.726825252,6.957493892,8.346210716,7.428212607,6.981268098,9.412357896,8.1601168,7.708491451,9.92607743,8.7322075,7.90348453,9.538371382,8.540069541,7.554460327,9.732230095,8.714399629,7.531431239,9.560527835,8.503100243,7.546124891,9.430748687,8.638073324,7.674653017,9.492708458,8.481844405,7.58735295,9.577059662,8.633176379,7.684347849,NA,NA,NA,NA,NA,NA,NA,NA,NA,NA,NA,NA,NA,NA,NA,NA,NA,NA,NA,NA,NA,NA,NA,NA,NA,NA,NA,NA,NA,NA,NA,NA,NA,NA,NA,NA,NA,NA,NA,NA,NA,NA,NA,NA,NA,NA,NA,NA,NA,NA,NA,NA,NA,NA,NA,NA,"metaRL"
15023,NA,NA,NA,NA,NA,NA,NA,NA,NA,NA,NA,NA,NA,NA,10.14798523,9.168284146,8.151708046,9.345030083,9.30758487,NA,9.915327995,8.932711246,7.88570587,9.76949216,8.88759439,8.482042428,9.299974744,7.984011546,7.068169965,7.126240951,6.721583423,6.254109774,9.563288796,8.328563371,7.298329144,9.824907929,9.06910137,7.973715753,9.899028563,9.117352072,8.013164212,10.14545254,9.252861174,8.063762961,10.07932057,9.261393154,8.250330464,10.21750035,9.236618691,8.088031006,10.25226577,9.358926554,8.479663721,10.21338367,9.272794636,8.32014251,NA,NA,NA,NA,NA,NA,NA,NA,NA,NA,NA,NA,NA,NA,NA,NA,NA,NA,NA,NA,NA,NA,NA,NA,NA,NA,NA,NA,NA,NA,NA,NA,NA,NA,NA,NA,NA,NA,NA,NA,NA,NA,NA,NA,NA,NA,NA,NA,NA,NA,NA,NA,NA,NA,NA,NA,"LTM"
28215,8.250235,7.980607,8.42852,7.901362,7.122142,NA,7.848332,8.546873,8.628625,8.667751,8.674881,8.654943,8.68965,8.562997,8.908084,8.769754,8.010713,8.312983,7.778066,8.270212,9.050935,8.993688,8.183493,8.611535,8.325582,7.676945,7.682321,7.333463,6.975949,NA,NA,NA,8.390356,8.298059,7.645562,9.384852,8.98702,8.297173,9.405065,9.087214,8.384572,9.428715,9.208759,8.405673,9.537461,9.286669,8.378171,9.255805,9.308744,8.391349,9.495326,9.295711,8.403855,9.309327,9.179564,8.284467,NA,NA,NA,NA,NA,NA,NA,NA,NA,NA,NA,NA,NA,NA,NA,NA,NA,NA,NA,NA,NA,NA,NA,NA,NA,NA,NA,NA,NA,NA,NA,NA,NA,NA,NA,NA,NA,NA,NA,NA,NA,NA,NA,NA,NA,NA,NA,NA,NA,NA,NA,NA,NA,NA,NA,NA,"biased"
28241,7.808359,7.635066,7.727069,NA,7.373177,NA,7.665234,7.926982,8.020926,8.2818,7.953977,7.9084,7.99686,8.021744,8.496421,8.240752,7.585584,8.046697,7.43618,8.250105,8.477735,8.170572,7.491082,NA,NA,NA,7.934847,7.639943,7.212873,NA,NA,NA,8.686003,8.318665,7.331748,8.899821,8.696689,7.572415,8.812697,8.57191,7.751217,8.6567,8.588043,8.142755,8.741657,8.412786,7.707994,8.819999,8.414119,7.630037,8.773697,8.432023,7.758596,8.741045,8.380167,7.812254,NA,NA,NA,NA,NA,NA,NA,NA,NA,NA,NA,NA,NA,NA,NA,NA,NA,NA,NA,NA,NA,NA,NA,NA,NA,NA,NA,NA,NA,NA,NA,NA,NA,NA,NA,NA,NA,NA,NA,NA,NA,NA,NA,NA,NA,NA,NA,NA,NA,NA,NA,NA,NA,NA,NA,NA,"LTM"
28242,8.163647,8.013134,NA,7.625212,7.665882,NA,8.415922,9.061853,8.906014,NA,8.297618,8.172796,8.13792,8.193483,9.276818,8.760622,7.828874,8.444024,7.748555,8.443929,NA,NA,NA,8.44923,8.110421,7.366574,7.992823,7.72498,7.596617,NA,NA,NA,9.181711,8.858501,8.177646,10.039776,9.501085,8.789059,9.908609,9.112962,8.687177,NA,NA,NA,9.337833,8.778263,8.004087,9.310752,8.862711,7.810658,9.22779,8.618552,7.836117,9.308713,8.79874,7.856298,NA,NA,NA,NA,NA,NA,NA,NA,NA,NA,NA,NA,NA,NA,NA,NA,NA,NA,NA,NA,NA,NA,NA,NA,NA,NA,NA,NA,NA,NA,NA,NA,NA,NA,NA,NA,NA,NA,NA,NA,NA,NA,NA,NA,NA,NA,NA,NA,NA,NA,NA,NA,NA,NA,NA,NA,"LTM"
28243,NA,NA,NA,NA,NA,NA,NA,NA,NA,NA,NA,NA,NA,NA,NA,NA,NA,NA,NA,8.415047,NA,NA,NA,NA,NA,NA,NA,NA,NA,NA,NA,NA,NA,NA,NA,NA,NA,NA,NA,NA,NA,NA,NA,NA,NA,NA,NA,NA,NA,NA,NA,NA,NA,NA,NA,NA,NA,NA,NA,NA,NA,NA,NA,NA,NA,NA,NA,NA,NA,NA,NA,NA,NA,NA,NA,NA,NA,NA,NA,NA,NA,NA,NA,NA,NA,NA,NA,NA,NA,NA,NA,NA,NA,NA,NA,NA,NA,NA,NA,NA,NA,NA,NA,NA,NA,NA,NA,NA,NA,NA,NA,NA,"LTM"
28284,8.3969,8.162718,8.150182,7.827022,7.3014,7.353343,7.962985,8.716105,8.727096,8.25491,8.291316,8.389109,8.382504,8.404509,9.32279,8.913279,8.11349,8.609593,7.900486,8.636946,9.020994,8.740945,7.857355,8.719779,8.213076,7.581715,8.247668,7.592222,7.070983,8.469651,7.801382,7.055281,9.384245,8.72031,7.536777,10.233882,9.426993,8.28542,10.104011,9.357045,8.340122,9.587585,8.854816,7.882821,9.555967,8.821926,7.947888,9.467832,8.956884,8.067377,9.591784,8.832259,8.068519,9.492963,8.969748,8.08179,NA,NA,NA,NA,NA,NA,NA,NA,NA,NA,NA,NA,NA,NA,NA,NA,NA,NA,NA,NA,NA,NA,NA,NA,NA,NA,NA,NA,NA,NA,NA,NA,NA,NA,NA,NA,NA,NA,NA,NA,NA,NA,NA,NA,NA,NA,NA,NA,NA,NA,NA,NA,NA,NA,NA,NA,"LTM"
28303,8.81702,8.117916,7.76934,7.720931,7.833341,6.609324,7.747691,8.452198,8.68067,8.641736,8.283128,8.221114,8.365417,8.640992,9.392516,8.648245,8.763299,8.131237,7.958446,7.916925,8.597577,7.727694,7.641712,8.53365,7.728404,7.58361,8.424227,7.580533,7.798061,6.958631,6.856125,6.489406,8.877453,7.868483,7.529199,9.653421,8.404434,8.263935,9.50763,8.778669,8.518343,9.171509,8.693694,8.54045,9.080675,8.42681,8.114283,9.045936,8.235724,8.079991,9.29703,8.386304,8.204926,9.365436,8.616788,8.526302,8.080173,7.763013,7.566006,7.353961,7.094044,6.716723,7.636148,8.180872,9.551578,8.002005,8.001717,7.916524,8.064564,8.174093,8.990453,8.003266,7.947685,8.637147,7.675562,7.639186,8.339307,7.483675,7.457706,8.132495,7.320916,7.232467,7.691708,7.075655,6.99903,7.216765,6.909346,6.585228,8.535109,7.630118,7.487829,9.17801,8.118441,8.030291,10.335468,9.690952,9.386086,8.707906,8.023387,7.879009,8.81303,8.028567,7.859785,8.732646,7.931985,7.776638,8.95666,8.049031,7.919764,8.983226,8.112353,8.05467226,"LTM"
28306,7.764716,7.598456,7.499327,7.379337,7.327294,6.862801,7.12801,8.16793,8.02035,7.910141,7.740894,7.785061,7.824174,7.857945,8.928304,8.275615,7.44306,7.948101,7.376619,8.358379,8.502559,7.942845,7.221242,8.141926,7.692624,7.173917,7.7125,7.429251,7.237604,7.72087,7.107515,6.65861,8.083607,7.482342,6.880161,9.474192,8.756664,7.803035,9.212845,8.636915,7.66746,8.78748,8.453233,7.628145,8.778505,8.25278,7.439988,8.90812,8.313993,7.465651,8.964529,8.306925,7.513428,8.999841,8.370063,7.539599,7.612433,7.721881,7.456675,7.300766,7.083386,6.630694,7.175414,8.076659,8.549162,8.026186,7.898151,7.925801,8.039645,7.968856,8.906308,8.121555,7.269507,8.697566,7.982723,7.494056,8.591222,7.894608,7.158101,8.397039,7.687648,7.021334,7.916177,7.37433,6.87185,7.32734,6.90616,6.44572,8.305486,7.639601,6.871021,9.371504,8.574845,7.736306,9.864198,9.098262,8.192715,9.125832,8.52028,7.719388,9.071642,8.406004,7.575606,9.158979,8.461192,7.586424,9.094364,8.405308,7.772443,9.180049,8.503333,7.63337145,"LTM"
28307,8.610943,7.870201,8.178515,7.836722,7.59791,7.8342,8.278041,8.911198,8.798597,8.609553,8.637289,8.40393,8.346149,8.370461,9.031288,8.716675,8.514452,8.113899,7.707063,NA,8.791417,8.642209,7.960441,8.326878,8.18676,7.66752,7.509853,7.805201,7.560763,8.242827,8.081757,7.704207,9.317409,8.623527,8.018441,10.108473,9.477013,8.570199,9.705616,9.26895,8.529839,9.543725,8.874639,8.387588,9.319839,8.930264,8.450288,9.104132,8.892217,8.165157,9.073414,8.635516,8.152596,9.02175,8.831417,8.146674,9.413653,7.955845,8.268529,7.60823,6.667766,7.694012,8.146257,8.639167,8.518208,8.209973,8.216159,8.333118,8.220721,8.816798,9.057273,8.853519,9.613084,8.475124,8.129324,7.825929,8.848919,8.643031,8.078172,8.213036,7.918724,7.429806,6.998679,6.890966,6.556813,8.28716,8.018262,7.514092,9.235313,8.602067,7.850796,9.704852,9.143832,8.335386,9.437632,9.028578,8.237377,9.032901,8.695252,7.951499,8.991674,8.605857,7.989482,9.207873,8.922558,8.039967,9.044908,8.575065,7.994771,9.168136,8.79064,8.76478108,"LTM"
28308,NA,NA,NA,NA,NA,NA,NA,NA,NA,NA,NA,NA,NA,NA,NA,NA,NA,NA,NA,NA,NA,NA,NA,NA,NA,NA,NA,NA,NA,NA,NA,NA,NA,NA,NA,NA,NA,NA,NA,NA,NA,NA,NA,NA,NA,NA,NA,NA,NA,NA,NA,NA,NA,NA,NA,NA,7.517341,7.319809,7.257712,7.053089,6.938156,7.219581,7.412646,7.653763,7.646946,7.770447,7.517019,7.44748,7.720771,7.608587,8.209818,7.832053,7.323251,7.842661,7.483235,7.191811,7.879759,7.645812,7.057013,7.566916,7.329128,6.898441,7.477598,7.177039,6.788528,7.634069,7.497094,7.081121,8.012737,7.618289,7.26122,8.340431,7.985576,7.456365,8.362738,7.988797,7.442185,8.541533,8.073893,7.566071,8.161058,7.923249,7.308122,8.079886,7.882851,7.233236,8.378355,7.980289,7.546295,8.286384,7.996392,7.39866917,"LTM"
28309,NA,NA,NA,NA,NA,NA,NA,NA,NA,NA,NA,NA,NA,NA,NA,NA,NA,NA,NA,NA,NA,NA,NA,NA,NA,NA,NA,NA,NA,NA,NA,NA,NA,NA,NA,NA,NA,NA,NA,NA,NA,NA,NA,NA,NA,NA,NA,NA,NA,NA,NA,NA,NA,NA,NA,NA,7.689876,7.676842,7.536664,7.358569,7.267938,7.278223,7.641065,8.141091,8.059537,7.887773,7.788254,7.78206,7.85998,7.865469,8.449827,8.159877,7.445717,8.2465,7.975091,7.507337,8.278157,7.871338,7.329413,7.968348,7.734469,7.162964,7.777833,7.520638,7.119781,7.826984,7.698533,7.081685,8.528554,8.137819,7.368961,9.058983,8.735107,7.839605,9.042837,8.689025,7.738282,8.825577,8.442606,7.592763,8.709848,8.327669,7.499801,8.655391,8.279459,7.512156,8.804888,8.375669,7.573574,8.763355,8.355378,7.59334366,"LTM"
28325,NA,NA,NA,NA,NA,NA,NA,NA,NA,NA,NA,NA,NA,NA,NA,NA,NA,NA,NA,NA,NA,NA,NA,NA,NA,NA,NA,NA,NA,NA,NA,NA,NA,NA,NA,NA,NA,NA,NA,NA,NA,NA,NA,NA,NA,NA,NA,NA,NA,NA,NA,NA,NA,NA,NA,NA,8.244942,8.130413,8.274187,7.86978,7.13295,7.235408,7.954671,8.365922,8.341932,8.248965,8.353746,8.344573,8.538361,8.326019,9.363322,8.861272,7.904462,8.877688,8.564479,7.897351,9.334349,9.054759,7.90235,8.781178,8.558407,7.545723,7.692044,7.317437,6.993647,8.007318,7.574596,7.021959,9.144589,8.37721,7.650717,9.893331,9.014653,7.949172,9.667745,9.051362,7.943606,9.320411,8.877579,7.913238,9.272401,8.848164,8.077033,9.408233,8.963094,8.012666,9.288394,8.923496,8.317071,9.353703,8.81036,8.03365345,"biased"
28326,8.288725,8.422234,8.001829,8.00001,7.837462,7.642981,8.040973,8.62054,8.412868,8.773059,8.682941,8.379274,8.563845,8.365664,9.087141,8.616915,8.073607,8.634789,8.275267,8.750194,8.721671,8.224447,7.826201,8.550697,8.140812,7.873028,8.428135,8.137777,7.663939,8.285961,8.046197,7.435013,8.964449,8.412311,7.794226,9.628496,8.970401,8.365082,9.389504,8.791841,8.155352,9.523814,8.987386,8.594351,9.507694,8.948194,8.47917,9.267809,8.662064,8.160488,9.479959,8.926627,8.320462,9.243045,8.718246,8.131289,8.416334,8.142142,8.206696,8.138948,7.447253,7.292148,8.290759,9.042992,8.626821,8.678496,8.499357,8.457797,8.537201,8.506364,9.2405,8.746221,8.196501,8.947868,8.412662,7.940225,9.009307,8.539004,7.989851,8.844499,8.392387,7.957995,8.161364,7.634605,7.281396,8.024704,7.740026,7.058086,9.158347,8.720422,8.038745,10.011827,9.762778,8.701573,9.487375,9.287934,8.318116,9.591338,9.135656,8.412066,9.478116,8.967824,8.219113,9.328452,8.904,8.201138,9.488334,8.86834,8.295895,9.354328,8.894858,8.26791217,"LTM"
28327,NA,NA,NA,NA,NA,NA,NA,NA,NA,NA,NA,NA,NA,NA,NA,NA,NA,NA,NA,NA,NA,NA,NA,NA,NA,NA,NA,NA,NA,NA,NA,NA,NA,NA,NA,NA,NA,NA,NA,NA,NA,NA,NA,NA,NA,NA,NA,NA,NA,NA,NA,NA,NA,NA,NA,NA,8.517762,8.34541,8.434731,8.522684,8.427179,7.868104,8.414742,9.335018,8.995192,8.820749,8.619685,8.571719,8.57106,8.15479,9.334628,8.865867,8.294592,9.025847,8.50351,8.19248,9.106051,8.741264,8.246211,9.000826,8.50324,8.447855,8.873342,8.588108,8.312587,8.815016,8.590763,7.52962,10.173364,8.857288,8.011003,10.523874,9.96856,8.97849,9.975312,9.636778,8.671442,9.718552,9.287794,8.554355,9.50508,9.044063,8.366026,9.404736,9.056647,8.31165,9.440012,8.974195,8.325451,8.875748,8.520556,7.94318866,"LTM"
28328,7.68584,NA,7.704709,NA,6.610044,7.029586,7.719569,8.339419,8.122538,NA,8.124349,7.840481,8.501689,8.485966,8.234188,8.095432,7.492051,NA,NA,7.815041,8.231149,8.031136,7.535363,NA,NA,NA,7.061919,6.763423,6.496387,7.342708,7.272564,6.916654,8.273808,7.952782,7.568892,9.065771,8.728112,8.121187,8.762431,8.532565,7.913382,NA,NA,NA,8.428992,8.438633,7.995004,8.386616,8.187914,7.6626,8.578499,8.669861,8.446844,8.469601,8.467921,8.493205,7.867986,7.781537,7.896888,7.592686,6.963953,6.94389,7.749701,8.758904,8.548588,8.327359,8.168297,7.979135,8.292229,7.8207,8.356917,8.464654,7.63733,8.237283,8.337331,7.566631,8.37504,8.494464,7.667803,8.037575,8.055025,7.402954,7.454816,7.368867,6.780913,7.490093,7.416174,6.734785,8.349731,8.36252,7.496492,9.631696,9.722738,8.372481,9.319668,9.493605,8.183821,8.967317,9.090062,8.030024,8.794952,8.935225,7.872122,8.542326,8.636308,7.720977,8.746094,8.83339,8.081294,8.295122,8.362338,7.60621998,"LTM"
28329,NA,NA,NA,NA,NA,NA,NA,NA,NA,NA,NA,NA,NA,NA,NA,NA,NA,NA,NA,NA,NA,NA,NA,NA,NA,NA,NA,NA,NA,NA,NA,NA,NA,NA,NA,NA,NA,NA,NA,NA,NA,NA,NA,NA,NA,NA,NA,NA,NA,NA,NA,NA,NA,NA,NA,NA,8.839718,8.335879,8.72903,7.934431,7.431421,7.124406,7.939355,8.489831,8.438666,8.378606,8.536996,8.921512,8.658567,8.571421,9.922395,9.639539,8.459316,9.19426,8.962336,8.036202,9.659874,9.427718,8.399218,8.688003,8.537262,7.658127,8.118333,7.78721,7.227989,8.101658,7.700184,6.817586,9.074742,8.421358,7.629624,9.847406,9.365998,8.044526,9.729498,9.350442,7.995584,9.6273,9.177588,7.970745,9.680496,9.247708,8.168734,9.858592,9.524505,8.614584,9.767619,9.307041,8.311607,9.612168,9.282053,8.22030422,"LTM"
28330,NA,NA,NA,NA,NA,NA,NA,NA,NA,NA,NA,NA,NA,NA,NA,NA,NA,NA,NA,NA,NA,NA,NA,NA,NA,NA,NA,NA,NA,NA,NA,NA,NA,NA,NA,NA,NA,NA,NA,NA,NA,NA,NA,NA,NA,NA,NA,NA,NA,NA,NA,NA,NA,NA,NA,NA,7.882732,7.430276,7.393307,7.148563,6.503028,7.039129,7.626512,8.093808,7.960335,7.873545,7.732799,7.821756,7.811658,7.965657,8.176538,7.983364,7.808607,7.713558,7.515945,7.361646,7.719302,7.525957,7.305811,7.474692,7.289335,7.059015,6.960839,6.786425,6.355876,7.474554,7.236044,6.917329,8.438467,8.093031,7.374556,8.989911,8.779669,7.772993,8.641373,8.44368,7.725993,8.225624,8.053337,7.769917,8.181629,7.952984,7.602949,8.158925,7.988316,7.723921,8.199378,7.960599,7.709803,8.316724,8.132441,7.86544941,"LTM"
28331,NA,NA,NA,NA,NA,NA,NA,NA,NA,NA,NA,NA,NA,NA,NA,NA,NA,NA,NA,NA,NA,NA,NA,NA,NA,NA,NA,NA,NA,NA,NA,NA,NA,NA,NA,NA,NA,NA,NA,NA,NA,NA,NA,NA,NA,NA,NA,NA,NA,NA,NA,NA,NA,NA,NA,NA,8.239719,7.901092,8.403209,7.767716,6.808089,NA,8.390072,8.917328,8.512597,8.163528,8.203691,8.470719,8.200887,8.570867,8.426825,8.195172,8.219672,8.00352,7.922615,7.87864,8.526036,8.35885,8.393827,7.763537,7.613458,7.806977,6.982066,6.956091,6.742092,NA,NA,NA,8.908026,8.764114,8.210236,9.81906,9.454949,8.632633,9.004075,8.867392,8.341987,8.500739,8.397419,8.048854,8.443761,8.296746,8.140415,8.612041,8.443327,8.454014,8.503006,8.187351,8.153917,8.65348,8.459855,8.58485007,"LTM"
29220,7.849155,7.828562,7.927543,7.677255,7.59687,7.309247,7.689344,8.447218,8.26451,8.12417,8.15578,8.158514,8.160096,8.058533,8.934274,8.495995,7.506592,8.376072,7.537329,NA,9.017912,8.602239,7.577141,8.518637,8.158458,7.416724,8.425119,7.932691,7.374872,8.122727,7.718696,7.071304,8.740939,8.098551,7.411777,9.597808,9.054647,8.103596,9.4499,8.985798,7.886623,9.64268,8.987083,7.655357,9.378828,8.876396,7.771785,9.231381,8.922357,7.788742,9.36505,8.775138,7.80551,9.194463,8.749133,7.696561,7.83111,7.730344,7.713372,7.341402,7.087442,7.191763,NA,8.367927,8.06959,7.983324,8.261917,8.1428,8.210111,7.610807,8.84382,8.508714,7.492924,8.673493,8.323322,7.424908,8.702467,8.366655,7.385202,8.212285,7.935384,7.047759,7.820456,7.587147,6.840346,8.085889,7.765955,6.899194,NA,NA,NA,9.531502,8.982584,8.020333,9.474815,8.89566,7.628868,9.526637,8.837064,7.51267,9.427178,8.945534,7.896802,9.398451,8.88501,7.747973,9.428401,8.917317,7.830261,8.54691,8.234155,7.29895355,"LTM"
29221,8.54099,8.019478,8.40645,7.938404,7.287323,7.560734,7.935876,8.694443,8.619946,8.558947,8.592589,8.753365,8.556472,8.835565,9.37207,9.206091,8.236201,8.676358,7.742342,8.750905,9.067463,9.100189,8.122847,8.562649,8.58245,7.673351,7.811006,7.675467,7.103006,8.347806,7.936555,7.3356,8.952569,8.638759,7.590707,9.731887,9.396175,8.346102,9.73068,9.428293,8.232737,9.555063,9.412414,8.17956,9.487294,9.321126,8.261337,9.358992,9.395328,8.491938,9.388336,9.220848,8.251734,9.562485,9.456966,8.559061,8.77892,8.080081,8.515026,7.89337,7.107564,6.743352,7.452866,8.042953,8.205441,8.358886,8.53486,8.970323,8.633737,9.020785,9.626605,9.490259,8.459805,9.077461,8.762732,7.743188,9.383306,9.356348,8.159983,8.921494,8.594679,7.546688,7.718584,7.502864,6.906901,7.273561,7.116489,6.561699,8.517009,7.945033,7.152467,9.174216,8.724756,7.683959,9.369823,8.955286,7.823917,9.471093,9.119062,7.983473,9.643113,9.469671,8.116447,9.919297,10.018859,8.550026,9.717059,9.433725,8.253185,9.874527,9.78258,8.68804623,"biased"
29227,8.325715,8.025146,8.339715,8.636793,7.752581,7.482134,8.383326,8.988578,8.591948,8.383114,8.434147,8.482277,8.507888,8.507576,9.129164,8.874547,8.054598,8.468224,7.801451,8.701697,8.967322,8.819427,8.115186,8.908009,9.195758,8.451849,8.437075,8.19622,7.527588,8.128824,7.918519,7.265256,8.985144,8.632139,8.220819,9.788446,9.54521,8.716108,9.398297,9.191946,8.307556,9.261086,9.084532,8.06143,9.107741,8.793405,8.232067,9.25663,9.122435,8.193179,9.276092,9.04828,8.244755,9.34816,9.121704,8.213946,8.074921,7.690156,7.735245,7.439853,7.318379,7.637508,8.04048,8.786402,8.410338,8.0366,8.340797,8.016224,8.078241,8.102257,8.677276,8.579348,7.848421,8.304092,8.198306,7.460795,8.417611,8.295379,7.481484,7.967441,7.906313,7.235306,7.947017,7.668457,7.126087,8.287949,8.176967,7.394236,8.947562,8.581752,7.753982,9.821235,9.476058,8.441516,9.441058,9.134023,8.057631,8.988939,8.611598,7.734127,8.886753,8.685601,8.163604,8.842202,8.624334,7.726533,8.827075,8.532329,7.839914,8.893767,8.678923,7.82617181,"LTM"
29239,NA,NA,NA,NA,NA,NA,NA,NA,NA,NA,NA,NA,NA,NA,NA,NA,NA,NA,NA,8.951753,NA,NA,NA,NA,NA,NA,NA,NA,NA,NA,NA,NA,NA,NA,NA,NA,NA,NA,NA,NA,NA,NA,NA,NA,NA,NA,NA,NA,NA,NA,NA,NA,NA,NA,NA,NA,8.133292,7.960221,8.142424,7.75118,8.610439,7.447294,7.99204,8.778598,8.431611,8.404496,8.554305,8.427589,8.493142,8.395922,8.887612,8.800086,7.840874,8.699706,8.572157,7.68399,9.065147,8.809615,7.821839,8.475819,8.363335,7.477367,8.429163,9.226474,8.486644,8.086573,8.229458,7.145207,9.226604,8.963523,7.543408,10.121496,9.743624,8.313525,9.509437,9.328864,8.02766,9.190905,9.11858,8.094907,9.369121,9.08107,8.286812,9.454303,9.009888,8.110895,9.332193,9.189281,8.179266,9.255969,9.051234,8.08875252,"metaRL"
29240,7.483835,7.611207,7.253243,7.133417,7.104457,6.922038,7.318141,7.643111,7.764471,7.575876,7.68473,7.635877,7.730548,7.532628,8.201972,7.876508,7.265977,7.925597,7.448529,8.113266,8.010079,7.512052,7.062402,7.817741,7.418755,6.948028,7.614299,7.453775,6.932154,7.559783,7.193723,6.747826,8.060215,7.546811,7.137294,8.40537,7.957107,7.437569,8.489679,8.070741,7.567036,8.296031,7.958531,7.360186,8.386082,8.043243,7.47821,8.379572,7.950744,7.43321,8.391729,8.024507,7.546862,8.332281,7.865027,7.316253,7.260449,7.176818,7.283611,7.010736,6.548312,6.562507,6.944163,NA,7.484635,7.440952,7.354377,7.279279,7.555945,7.481224,8.005012,7.562252,7.060904,7.786894,7.344133,7.033309,7.992845,7.556133,7.097275,7.74408,7.181225,6.84589,7.085103,6.727852,6.413961,6.983266,6.82969,6.425584,7.743264,7.206254,6.745456,NA,NA,NA,8.31958,7.837229,7.257329,8.21316,7.801084,7.222218,8.1298,7.653379,7.150389,8.013798,7.513425,7.098323,8.35433,7.941186,7.326572,8.296305,7.834495,7.25706018,"LTM"
29245,8.01961,7.754001,7.809837,7.547241,7.292401,7.80253,8.041008,8.51877,8.462664,8.157435,8.074044,7.947086,8.091507,8.148582,8.823242,8.361104,7.800298,8.234227,7.493349,8.493257,8.61255,8.189438,7.581152,8.342738,8.002865,7.300752,7.993138,7.704318,7.072632,8.686471,8.014158,7.602299,9.728181,8.61366,7.61665,10.585057,9.239324,7.994251,10.07299,9.109555,8.032553,9.348054,8.670166,7.830816,9.030931,8.512416,7.804971,8.81699,8.400354,7.688785,9.036184,8.581555,7.811549,8.958487,8.481373,7.930401,7.815536,7.49365,7.755746,NA,6.786977,7.638539,8.165976,8.751621,8.502461,7.971705,7.828801,7.731851,7.82733,7.831301,8.729146,8.150654,7.579488,8.44923,7.955407,7.218947,8.816318,8.164394,7.476821,NA,NA,NA,7.354483,7.233481,6.580766,8.080114,7.660737,7.559393,9.842118,8.93456,7.694472,10.759333,9.682162,8.184368,10.281899,9.316268,8.002438,9.304697,8.632176,7.584421,8.84016,8.315928,7.53846,8.786579,8.232621,7.430871,8.876938,8.276075,7.540208,8.819236,8.230305,7.56689354,"LTM"
29305,8.290777,7.973487,8.071245,7.663311,7.048802,7.09525,7.67624,8.364896,NA,8.336553,8.321966,8.522024,8.384486,8.408145,8.972345,8.634351,8.091289,8.264555,7.795298,8.55984,8.733252,8.447851,7.866759,8.328263,7.988337,7.47123,7.800075,7.530145,6.803254,7.685197,7.54236,6.885148,8.592512,8.026299,7.436013,9.610889,8.682404,8.077853,NA,NA,NA,9.365537,8.79409,8.050671,9.063695,8.702083,8.103316,9.216188,8.872881,8.318617,9.177844,8.799072,8.148613,9.120456,8.758887,8.201741,8.433671,8.121318,8.363225,7.65657,7.14582,6.743499,7.737952,8.631097,8.657767,8.349358,8.316975,8.386656,8.227133,8.455996,9.348408,8.752931,8.2014,9.031273,8.398243,7.900428,9.237442,8.740058,8.123314,8.557578,8.035978,7.41155,7.965975,7.479814,6.925629,7.354402,7.103054,6.551793,9.602241,8.027748,7.354788,10.699524,8.952167,8.206091,10.112473,8.994875,8.331038,9.555262,8.732129,8.052681,9.418426,8.772454,8.01953,9.286179,8.802061,8.132884,9.233211,8.626765,7.959545,9.394814,8.850946,8.20078982,"biased"
29318,8.815764,8.536881,8.643059,8.251917,7.111441,8.023184,8.486354,9.174202,9.262707,8.921562,8.903372,8.96366,8.847098,9.38094,9.36158,9.31279,8.600539,8.8671,8.379306,9.108686,9.196583,9.084582,8.440424,8.773137,8.622375,8.072432,7.442368,7.440401,6.974047,8.709188,8.624397,7.758546,9.494102,8.862528,8.224353,10.361757,9.586471,8.87321,10.038734,9.867822,8.98209,9.880303,9.636565,8.583022,9.546806,9.335233,8.688168,9.58969,9.410087,8.747715,9.616364,9.30458,8.604518,9.786154,9.717135,9.229355,9.546975,8.396594,8.886116,8.353468,7.504612,7.945896,8.72037,9.289581,9.144936,8.947271,9.148202,9.091837,8.797408,9.85278,9.563802,9.829124,9.473633,8.842617,9.035338,8.16257,9.261187,9.641738,8.634699,8.688548,8.928468,8.153872,7.993127,7.845848,7.337883,8.634623,8.877603,7.598181,9.543828,9.616042,8.359209,10.373548,10.197111,8.882038,9.97269,10.177775,8.748767,9.820617,9.771136,8.595748,9.535308,9.638025,8.961229,9.449218,9.758281,8.865663,9.313069,9.401567,8.560425,9.710775,10.078712,9.81996465,"LTM"
