subjects,Training Order,Age,Gender,Notes,Closed_EEGNotes_VisualInspect_OLCTS,Open_EEGNotes_VisualInspect_OLCTS,Learning_EEGNotes_VisualInspect_OLCTS,Slope_OLCTS,LESSON:CorrSpeech_OLCTS,LESSON:SpeechAttempts_OLCTS,QUIZ:AvgACC %_OLCTS,QUIZ: ACC StDev_OLCTS,DIALOG:SpeechAttempts_OLCTS,DIALOG:Score_OLCTS,DIALOG: Score %_OLCTS,DIALOG: Hint #_OLCTS,TOTAL: Speech Attempts_OLCTS,TOTAL: CorrSpeech Estimation_OLCTS,TOTAL: Hints_OLCTS,F2E_Total_OLCTS,GR_Total_OLCTS,E2F_Total_OLCTS,SC_Total_OLCTS,PT_Vocab_OLCTS,PT_Total_NoSC_OLCTS,PT_Total_Weighted_OLCTS,F2E_LevelComp_OLCTS,GR_LevelComp_OLCTS,E2F_LevelComp_OLCTS,SC_LevelComp_OLCTS,Vocab_LevelComp_OLCTS,PT_LevelComp_NoSC_OLCTS,PostTest_LevelComp_Weighted_OLCTS,F2E_New_OLCTS,GR_New_OLCTS,E2F_New_OLCTS,SC_New_OLCTS,Vocab_New_OLCTS,PT_New_NoSC_OLCTS,PostTest_New_Weighted_OLCTS,LearningRate_Python,Highest_Level_Complete_Python,Hint_Use_Python,Forum_Use_Python,SolutionButton_Use_Python,Help_Total_Python,QuizACC_NoRetake_Python,QuizACC_Retake_Python,Quiz_SD_NoRetake_Python,Quiz_SD_Retake_Python,PT_Semantics_Raw_Python,PT_Semantics_ACC_Python,Old_Semantics_ACC_Python,New_Semantics_ACC_Python,PT_Syntax_Raw_Python,PT_Syntax_ACC_Python,Old_Syntax_ACC_Python,New_Syntax_ACC_Python,PT_Old_Total_Raw_Python,PT_Old_Total_ACC_Python,PT_New_Total_Raw_Python,PT_New_Total_ACC_Python,PostTest_Total_Python,PostTest_TotalACC,RPS-Code_Python,Filt3_ACC,Filt5_ACC,NoFilt3_ACC,NoFilt5_ACC,Filt3_CorrRT,Filt5_CorrRT,NoFilt3_CorrRT,NoFilt5_CorrRT,Numeracy,NDV,NDC,NDRR,NDTotal,NDV_%,NDC_%,NDRR_%,NDTotal_%,Ravens Score,MLAT_I,MLAT_II,MLAT_III,MLAT_IV,MLAT_V,MLAT_Total,MLAT_%,LLAMA_B,LLAMA_D,LLAMA_E,LLAMA_F,PSS_ChooseA.ACC,PSS_AvoidB.ACC,PSS_All.ACC,PSS_#TrainTrails,Met Criteria,PSS_#TestTrials,Lag1_T2|T1,Lag2_T2|T1,Lag3_T2|T1,Lag8_T2|T1,Simon_Con RT,Simon_Incon RT,Simon_Incon-Con RT,Simon_Con ACC,Simon_Incon ACC,Simon_Con-Incon ACC,3Back_Total RT,3Back_Match RT,3Back_NonMatch RT,3Back_Distractor RT,3Back_Total ACC,3Back_Match ACC,3Back_NonMatch ACC,3Back_Distractor ACC,SspanErrorTotal,SymAccErrorTotal,SspanSpeedErrorTotal,SspanAbsoluteScore,SspanPartialScore,RspanAccErrorTotal,ReadErrorTotal,RspanScore,RspanTotal,RspanSpeedErrorTotal,OspanMathErrorTotal,OspanAccErrorTotal,OspanSpeedErrorTotal,OspanAbsoluteScore,OspanPartialScore,sEBR_OLCTS,O1_Peak_OLCTS,O1_Correct_OLCTS,O2_Peak_OLCTS,O2_Correct_OLCTS
28210,,24,M,No MRI,,"F4, O1 removed",O1 removed,0.828431373,286,1271,88.75,8.30160627,13,50,1,0,1284,287,0,0.5,0.714285714,0.428571429,0.642857143,0.464285714,0.547619048,0.571428571,0.657894737,0.666666667,0.5,0.777777778,0.578947368,0.608187135,0.650584795,0.166666667,0.8,0.3,0.4,0.233333333,0.422222222,0.416666667,,,,,,,,,,,,,,,,,,,,,,,,,,,,,,,,,,,72,37,364,146,88,99,92,97,14,34,27,20,21,14,116,45,,,,,0.8125,0.4375,0.633333333,60,,60,0.941176471,1,0.909090909,0.958333333,357.2888889,392.1428571,34.85396825,1,0.933333333,0.066666667,1494.171429,1204.69697,1861.5,1648.947368,0.8875,0.825,0.95,0.95,2,2,0,0,8,1,1,20,26,0,2,2,0,18,21,,,1,1,1
28211,,20,M,,,T7 removed,"AF3, AF4, F7, F8, O2, T7 removed",0.985294118,448,1383,87.5,12.40564388,17,250,1,0,1400,453,0,0.642857143,0.714285714,0.642857143,0.714285714,0.642857143,0.666666667,0.678571429,0.789473684,0.777777778,0.777777778,0.888888889,0.783625731,0.781676413,0.808479532,0.333333333,0.6,0.4,0.4,0.366666667,0.444444444,0.433333333,,,,,,,,,,,,,,,,,,,,,,,,,,0.9,0.6,0.8,0.7,1178.444444,1295.5,1225.75,1424.714286,,76,38,261,152,95,99,68,99,11,43,29,21,20,24,137,75,,,,,1,0.9375,0.783333333,360,NO,60,0.75,0.411764706,0.636363636,0.894736842,485.5952381,477.8666667,-7.728571429,0.977777778,1,-0.022222222,1194.738462,1247.823529,1036.45,1318.454545,0.825,0.85,1,0.6,0,0,0,9,13,1,1,20,24,0,3,2,1,14,19,75,1,1,1,1
29212,OLCTS First,28,F,,,T7 removed,P7  removed,0.950980392,381,1453,77.66666667,15.52632174,19,600,1,0,1472,393,0,0.535714286,0.642857143,0.535714286,0.642857143,0.535714286,0.571428571,0.589285714,0.657894737,0.666666667,0.666666667,0.888888889,0.662280702,0.66374269,0.72002924,0.277777778,0.6,0.3,0.2,0.288888889,0.392592593,0.344444444,1.249350649,10,41,27,24,92,0.74,0.74,0.227925426,0.227925426,15,0.6,0.578947368,0.666666667,17,0.68,0.727272727,0.333333333,27,0.658536585,5,0.555555556,32,0.64,26.33333333,1,0.9,1,1,1331.6,1467.111111,1382,1768.8,0.5,77,34,423,145,97,83,96,96,12,41,25,31,23,23,143,90,60,15,90,30,0.875,0.5,0.633333333,120,,60,0.875,0.894736842,1,0.916666667,418.0681818,496.4666667,78.39848485,1,1,0,952.2769231,960.1142857,762.2105263,1255.636364,0.825,0.875,0.95,0.6,1,1,0,5,8,0,0,30,30,0,1,1,0,12,18,112,2,1,2,1
28213,,,,Drop-out,,,,,,,,,,,,,,,,,,,,,,,,,,,,,,,,,,,,,,,,,,,,,,,,,,,,,,,,,,,,,,,,,,,,,,,,,,,,,,,14,36,27,13,19,20,115,45,,,,,0.6875,0.875,0.833333333,360,,60,0.75,0.421052632,0.538461538,0.7,473.5813953,536.5,62.91860465,1,0.933333333,0.066666667,,,,,,,,,2,2,0,2,5,0,0,9,21,0,,,,,,,,,,
28214,,,,Drop-out,,,,,,,,,,,,,,,,,,,,,,,,,,,,,,,,,,,,,,,,,,,,,,,,,,,,,,,,,,,,,,,,,,,,,,,,,,,,,,,,,,,,,,,,,,,,,,,,,,,,,,,,,,,,,,,,,,,7,6,1,2,2,,,,,,,,,,,,,,,
28215,,23,F,,P7 removed,"F8, FC6 removed","FC5, FC6, P7 removed",1.088235294,463,1462,81.16666667,20.57587584,65,1100,1,0,1527,485,0,0.625,0.5,0.642857143,0.785714286,0.633928571,0.589285714,0.638392857,0.763157895,0.555555556,0.777777778,1,0.770467836,0.698830409,0.774122807,0.333333333,0.4,0.4,0.4,0.366666667,0.377777778,0.383333333,,,,,,,,,,,,,,,,,,,,,,,,,,0.9,1,0.9,0.8,993.6666667,1011.5,1057,1409.875,,70,35,325,140,85,90,87,90,9,35,27,20,17,24,123,60,,,,,0.5625,0.625,0.583333333,360,NO,60,1,0.733333333,0.619047619,0.952380952,468.7954545,565.7777778,96.98232323,1,0.6,0.4,619.6271186,552.2068966,661.1111111,720.3333333,0.75,0.725,0.9,0.65,2,2,0,5,10,3,4,18,25,1,4,2,2,13,18,70,1,1,1,1
28216,,21,F,,T7 removed,,FC6 removed,1.12745098,194,846,60,8.426149773,14,250,1,0,860,199,0,0.410714286,0.461538462,0.392857143,0.857142857,0.401785714,0.421703297,0.530563187,0.395833333,0.545454545,0.454545455,0.857142857,0.425189394,0.465277778,0.563244048,0.25,0,0.2,#DIV/0!,0.225,0.15,#DIV/0!,,,,,,,,,,,,,,,,,,,,,,,,,,1,0.7,0.9,0.7,1405,1470.714286,1279.111111,1586.285714,,64,27,249,118,71,48,60,60,7,37,21,19,15,15,107,35,,,,,0.8125,0.5,0.666666667,60,,60,0.941176471,0.631578947,0.571428571,0.916666667,442.0666667,489.375,47.30833333,1,0.6,0.4,1233.692308,1299.2,1206.470588,1116.2,0.65,0.625,0.85,0.5,0,0,0,5,11,,,,,,1,0,1,14,22,56,1,1,1,1
28217,,,,Drop-out,,,,,,,,,,,,,,,,,,,,,,,,,,,,,,,,,,,,,,,,,,,,,,,,,,,,,,,,,,,,,,,,,,,,,,,,,,,,,,,10,,,,,,,,,,,,0.3125,0.5625,0.416666667,360,,60,1,0.571428571,0.772727273,1,574.5,651.1666667,76.66666667,0.977777778,0.866666667,0.111111111,,,,,,,,,,,,,,5,5,13,22,0,,,,,,,,,,
28218,,,,Drop-out,,,,,,,,,,,,,,,,,,,,,,,,,,,,,,,,,,,,,,,,,,,,,,,,,,,,,,,,,,,,,,,,,,,,,,,,,,,,,,,15,,,,,,,,,,,,0.6875,1,0.8,60,,60,0.8,0.363636364,0.375,0.708333333,,,,,,,,,,,,,,,,,,,,1,1,24,27,0,,,,,,,,,,
28219,,21,M,,,,,0.887254902,317,1130,88.5,11.44552314,10,250,1,0,1140,322,0,0.410714286,0.923076923,0.607142857,0.5,0.508928571,0.646978022,0.610233516,0.368421053,1,0.722222222,0.666666667,0.545321637,0.696881092,0.689327485,0.5,0.8,0.4,0.2,0.45,0.566666667,0.475,,,,,,,,,,,,,,,,,,,,,,,,,,1,1,1,1,1258.1,1673.1,1474.8,1509.8,,69,30,211,129,83,62,39,76,13,26,24,14,22,10,96,20,,,,,1,0.5,0.833333333,120,,60,0.866666667,0.913043478,1,1,523.3333333,545.4,22.06666667,1,1,0,849.3013699,703.7027027,958.6666667,1039.222222,0.9375,0.95,0.95,0.9,1,1,0,10,13,0,0,18,25,0,0,0,0,18,23,61,1,1,1,1
29220,OLCTS First,19,M,,,"F7, F8, FC5 removed",T7 removed,1.225490196,42,240,69.85714286,17.6297908,7,50,1,0,247,43,0,0.571428571,0.642857143,0.607142857,0.785714286,0.589285714,0.607142857,0.651785714,0.583333333,0.727272727,0.565217391,0.785714286,0.574275362,0.625274484,0.665384434,0.5,0.333333333,0.8,#DIV/0!,0.65,0.544444444,#DIV/0!,1.197402597,10,23,6,12,41,0.685,0.7675,0.239652526,0.080983537,19,0.76,0.8,0.6,20,0.8,0.909090909,0,36,0.857142857,3,0.375,39,0.78,31.66666667,0.9,0.8,0.8,1,963,1048.25,1057.75,1079.6,0.875,70,32,211,134,85,75,39,83,11,38,25,22,18,22,125,60,85,20,100,60,0.9375,0.5625,0.716666667,60,,60,0.818181818,0.761904762,0.5,0.421052632,517.627907,567.7142857,50.08637874,0.955555556,1,-0.044444444,651.7391304,525.6764706,801.45,737.8666667,0.9,0.9,1,0.8,1,1,0,14,14,0,2,18,24,2,1,1,0,7,15,39,1,1,1,1
29221,OLCTS First,34,M,,,,,1.098039216,469,1418,70.16666667,13.3479087,34,750,1,0,1452,484,0,0.625,0.571428571,0.678571429,0.642857143,0.651785714,0.625,0.629464286,0.684210526,0.666666667,0.777777778,0.555555556,0.730994152,0.709551657,0.671052632,0.5,0.4,0.5,0.8,0.5,0.466666667,0.55,1.2,10,31,31,31,93,0.722,0.722,0.147885091,0.147885091,18,0.72,0.75,0.6,16,0.64,0.681818182,0.333333333,30,0.714285714,4,0.5,34,0.68,23.33333333,0.8,0.9,0.9,0.9,1288.625,1371.444444,1347.666667,1641.666667,0.375,75,26,357,127,93,43,91,73,8,31,26,27,24,16,124,60,60,20,90,20,0.9375,0.5625,0.733333333,180,,60,0.625,0.476190476,0.652173913,0.833333333,585.8636364,608,22.13636364,1,0.933333333,0.066666667,767.0833333,761.6,718.6470588,823.6875,0.6125,0.375,0.9,0.8,2,2,0,3,7,1,1,26,29,0,2,1,1,18,22,31,1,1,1,1
28222,,26,F,Drop-out,All removed bad subject,"O1, T7 removed",All removed,,,,,,,,,,,,,,,,,,,,,,,,,,,,,,,,,,,,,,,,,,,,,,,,,,,,,,,,,,,1,0.6,0.6,0.7,1271.3,1365.833333,1194.5,1272.285714,,78,36,519,150,98,96,99,98,9,24,19,22,16,19,100,30,,,,,0.8125,0.9375,0.816666667,120,,60,1,0.863636364,0.916666667,0.869565217,581.5909091,669.5333333,87.94242424,1,1,0,1647.285714,968,1166,3048.5,0.0875,0.05,0.15,0.1,0,0,0,5,10,3,4,10,22,1,1,0,1,0,4,,0,0,0,0
28223,,20,M,,,,,0.843137255,474,1462,77.5,14.65264481,16,600,1,0,1478,486,0,0.678571429,0.857142857,0.642857143,0.785714286,0.660714286,0.726190476,0.741071429,0.894736842,0.888888889,0.666666667,1,0.780701754,0.816764133,0.862573099,0.222222222,0.8,0.6,0.4,0.411111111,0.540740741,0.505555556,,,,,,,,,,,,,,,,,,,,,,,,,,0.9,1,1,0.9,1017.111111,1102,1234.2,1555.444444,,78,33,357,144,98,80,91,95,15,43,30,29,29,24,155,97,,,,,0.75,0.6875,0.783333333,360,YES,60,0.714285714,0.708333333,0.583333333,0.708333333,467.9545455,469.6,1.645454545,1,1,0,884.1176471,762.84375,907.65,1097.25,0.8875,0.825,1,0.9,0,0,0,14,14,1,2,24,27,1,0,0,0,25,25,,1,1,1,1
28224,,21,F,,P7 removed,,"F7, F8, P7 removed",0.843137255,259,1055,96.75,3.774917218,24,550,1,0,1079,270,0,0.392857143,0.571428571,0.392857143,0.5,0.392857143,0.452380952,0.464285714,0.526315789,0.666666667,0.444444444,0.666666667,0.485380117,0.545808967,0.576023392,0.111111111,0.4,0.3,0.2,0.205555556,0.27037037,0.252777778,,,,,,,,,,,,,,,,,,,,,,,,,,1,1,1,0.9,1197.2,1448.7,1372.8,1684.444444,,73,24,279,121,90,35,75,64,11,42,26,22,18,19,127,65,,,,,0.5625,0.8125,0.75,120,,60,1,0.421052632,0.333333333,0.869565217,402.2727273,459.3571429,57.08441558,0.977777778,0.933333333,0.044444444,763.7164179,670.7272727,747.85,1005.571429,0.85,0.85,1,0.7,0,0,0,5,12,0,2,19,22,2,5,5,0,12,22,65,1,1,1,1
28225,,20,M,,All removed(sweaty subject),,T7 removed,0.764705882,357,1264,69.33333333,18.55622088,33,500,1,0,1297,367,0,0.428571429,0.571428571,0.357142857,0.785714286,0.392857143,0.452380952,0.535714286,0.578947368,0.555555556,0.388888889,0.888888889,0.483918129,0.507797271,0.603070175,0.111111111,0.6,0.3,0.6,0.205555556,0.337037037,0.402777778,,,,,,,,,,,,,,,,,,,,,,,,,,1,0.9,0.9,0.7,1413.9,1525.222222,1387.333333,1600.428571,,72,23,147,118,88,31,8,60,13,39,30,17,19,12,117,50,,,,,0.6875,1,0.65,60,,60,0.916666667,0.555555556,0.684210526,1,509.2222222,663.3333333,154.1111111,1,1,0,1500.561644,1292.358974,1417,2102.0625,0.9125,0.975,0.9,0.8,0,0,0,9,12,0,1,15,26,1,0,0,0,25,25,,0,0,0,0
28226,,20,F,,,"O1, O2 removed",,0.843137255,180,940,92.25,9.178779875,14,250,1,0,954,185,0,0.642857143,0.785714286,0.642857143,0.785714286,0.642857143,0.69047619,0.714285714,0.842105263,0.777777778,0.833333333,1,0.837719298,0.817738791,0.863304094,0.222222222,0.8,0.3,0.4,0.261111111,0.440740741,0.430555556,,,,,,,,,,,,,,,,,,,,,,,,,,1,0.9,0.9,0.8,984.2,1069.666667,1069.333333,1367.875,,72,29,233,130,88,57,52,78,12,37,28,23,22,20,130,70,,,,,0.625,0.4375,0.666666667,240,,60,0.933333333,0.727272727,0.695652174,1,488.3658537,488.6666667,0.300813008,0.933333333,1,-0.066666667,1739.218182,1727.769231,1672.470588,1858.583333,0.6875,0.65,0.85,0.6,1,1,0,9,11,1,1,9,21,0,4,4,0,8,17,33,1,1,1,1
29227,OLCTS First,23,F,,,,P8 removed,1.156862745,12,62,58.5,8.803408431,12,415,0.754545455,0,74,20.3,0,0.392857143,0.642857143,0.392857143,0.857142857,0.392857143,0.476190476,0.571428571,0.421052632,0.555555556,0.388888889,1,0.40497076,0.455165692,0.591374269,0.333333333,0.8,0.4,0.6,0.366666667,0.511111111,0.533333333,1.085714286,9,12,17,5,34,0.61,0.82,0.312089731,0.147648231,17,0.68,0.789473684,0.333333333,20,0.8,0.863636364,0.333333333,34,0.829268293,3,0.333333333,37,0.74,30.33333333,0.7,0.8,0.6,0.6,880.7142857,961.5,961.5,1194,0.625,68,30,232,128,81,62,52,75,12,28,24,6,16,16,90,20,45,55,100,60,0.8125,0.9375,0.883333333,180,,60,0.947368421,0.904761905,0.916666667,0.958333333,429.1555556,464.2,35.04444444,1,1,0,1248.4,1177.6,1061,1639.866667,0.8125,0.75,1,0.75,0,0,0,9,10,2,3,9,18,1,2,2,0,0,6,67,1,1,1,1
28228,,18,M,,,,"P8, T7 removed",0.887254902,344,1316,96.5,4.041451884,25,500,1,0,1341,354,0,0.732142857,0.785714286,0.607142857,0.571428571,0.669642857,0.708333333,0.674107143,0.789473684,0.777777778,0.666666667,0.666666667,0.728070175,0.744639376,0.725146199,0.611111111,0.8,0.5,0.4,0.555555556,0.637037037,0.577777778,,,,,,,,,,,,,,,,,,,,,,,,,,1,1,1,0.9,1173.9,1254,1211.9,1421.222222,,74,36,233,146,91,96,52,97,13,36,26,23,23,21,129,65,,,,,0.25,0.6875,0.516666667,180,,60,1,0.954545455,0.826086957,1,500.9318182,533.4666667,32.53484848,1,1,0,756.6857143,714.53125,701.2,893.2777778,0.9125,0.825,1,1,0,0,0,2,9,0,0,15,25,0,1,1,0,18,21,,1,1,1,1
28229,,19,M,,All removed(sweaty subject),,"AF3, F7 removed",0.583333333,222,1178,79.5,28.99137803,15,260,0.4,0,NA,NA,NA,0.267857143,0.428571429,0.392857143,0.571428571,0.330357143,0.363095238,0.415178571,0.5,0.5,0.375,0.625,0.4375,0.458333333,0.5,0.138888889,0.416666667,0.4,0.5,0.269444444,0.318518519,0.363888889,,,,,,,,,,,,,,,,,,,,,,,,,,1,0.9,1,1,1388.6,1564.222222,1413.8,1578.4,,51,27,137,105,37,48,8,43,9,22,20,9,16,9,76,10,,,,,0.8125,0.6875,0.716666667,300,,60,1,0.636363636,0.545454545,0.954545455,418.7272727,471.2857143,52.55844156,1,0.933333333,0.066666667,998.3380282,944.0810811,1004.941176,1109.823529,0.9,0.925,0.9,0.85,2,2,0,2,6,0,0,8,19,0,1,1,0,7,14,,1,1,1,1
29230,OLCTS First,18,F,,All removed(head motion),"AF3, AF4, P8 removed",,1.147058824,420,1643,95.16666667,5.636192568,25,750,1,0,1668,435,0,0.767857143,0.857142857,0.821428571,0.928571429,0.794642857,0.81547619,0.84375,0.854166667,0.909090909,0.869565217,0.928571429,0.861865942,0.877607598,0.890348555,0.25,0.666666667,0.6,#DIV/0!,0.425,0.505555556,#DIV/0!,1.197402597,11,9,6,4,19,0.89,0.89,0.109316056,0.109316056,23,0.92,0.954545455,0.666666667,21,0.84,0.869565217,0.5,41,0.911111111,3,0.6,44,0.88,41,0.9,0.9,1,0.7,1016.111111,1194.555556,1231.6,1392.714286,0.5,77,35,305,147,97,90,80,97,15,39,29,18,18,24,128,65,65,15,100,90,0.5,0.75,0.666666667,360,YES,60,1,0.95,0.857142857,1,382.5333333,407.0666667,24.53333333,1,1,0,616.3521127,564.4857143,628.2631579,709.8235294,0.9,0.875,0.95,0.9,0,0,0,5,8,0,0,19,27,0,0,0,0,18,21,38,1,1,1,1
28231,,23,M,,,"F7, T8 removed","F7, F8, T7 removed",1.215686275,485,1588,70.28571429,12.65851868,43,1305,0.966666667,0,1631,511.1,0,0.625,0.714285714,0.785714286,0.928571429,0.705357143,0.708333333,0.763392857,0.625,0.636363636,0.826086957,0.928571429,0.725543478,0.695816864,0.754005505,0.625,1,0.6,#DIV/0!,0.6125,0.741666667,#DIV/0!,,,,,,,,,,,,,,,,,,,,,,,,,,1,1,1,0.9,1309.7,1342.7,1302.5,1813.666667,,57,21,223,99,51,25,43,36,12,43,28,23,26,17,137,75,,,,,0.8125,0.8125,0.866666667,60,,60,0.111111111,0.125,0.090909091,0.578947368,519.3255814,568.7333333,49.40775194,0.977777778,1,-0.022222222,1019.015625,983.2941176,877.6,1423.3,0.8,0.85,1,0.5,0,0,0,9,11,0,0,30,30,0,1,1,0,18,23,71,1,1,1,1
28232,,18,M,,T8 removed,T7 removed,All removed,0.735294118,347,1498,65.66666667,24.58319209,9,250,1,0,1507,352,0,0.464285714,0.642857143,0.392857143,0.642857143,0.428571429,0.5,0.535714286,0.678571429,0.833333333,0.538461538,0.5,0.608516484,0.683455433,0.637591575,0.25,0.5,0.266666667,0.833333333,0.258333333,0.338888889,0.4625,,,,,,,,,,,,,,,,,,,,,,,,,,0.9,0.8,0.9,0.6,1187.111111,1392.5,1371.333333,1574,,74,32,233,138,91,75,52,89,14,41,26,16,15,13,111,40,,,,,0.875,0.5625,0.7,360,NO,60,0,0.166666667,0.071428571,0.125,462.4444444,635,172.5555556,1,0.666666667,0.333333333,1190.958333,1021.939394,1436.95,1225.578947,0.9,0.825,1,0.95,0,0,0,9,12,1,2,24,29,1,0,0,0,18,22,,1,1,1,1
29233,OLCTS First,18,F,,,,T7 removed,1.289215686,238,963,80,11.88836967,36,1050,1,0,999,259,0,0.607142857,0.857142857,0.714285714,0.785714286,0.660714286,0.726190476,0.741071429,0.666666667,0.818181818,0.695652174,0.785714286,0.68115942,0.726833553,0.741553736,0.25,1,0.8,#DIV/0!,0.525,0.683333333,#DIV/0!,1.244155844,10,3,4,0,7,0.756,0.856,0.254715528,0.09154234,16,0.64,0.7,0.4,17,0.68,0.772727273,0,31,0.738095238,2,0.25,33,0.66,32,0.9,1,1,0.7,1078.444444,1107.9,1005.9,1318,0.625,66,23,211,112,76,31,39,51,14,32,28,18,20,12,110,40,100,40,90,30,0.5,0.8125,0.716666667,240,,60,0.733333333,0.117647059,0.277777778,0.772727273,426.0909091,487.6666667,61.57575758,0.977777778,0.8,0.177777778,769.5384615,813.5769231,664.25,823.5,0.65,0.65,0.8,0.5,1,1,0,14,14,0,0,30,30,0,7,3,4,9,15,54,0,0,0,0
29234,OLCTS First,20,M,,,,"AF3, AF4,F7, F8 removed",0.965686275,443,1501,72.2,12.8918579,43,1300,1,0,1544,469,0,0.464285714,0.714285714,0.5,0.5,0.482142857,0.55952381,0.544642857,0.578947368,0.555555556,0.611111111,0.666666667,0.59502924,0.581871345,0.603070175,0.222222222,1,0.3,0.2,0.261111111,0.507407407,0.430555556,1.028571429,8,12,8,7,27,0.79,0.79,0.046188022,0.046188022,13,0.52,0.631578947,0.166666667,15,0.6,0.681818182,0,27,0.658536585,1,0.111111111,28,0.56,21.66666667,1,0.6,1,0.9,1030.4,1027.5,1110.2,1244.888889,,58,27,233,112,54,48,52,51,10,29,25,15,15,11,95,20,45,40,100,30,0.5625,0.5,0.433333333,120,,60,0.923076923,1,0.705882353,0.8125,506.5909091,542.5833333,35.99242424,1,0.8,0.2,765.7608696,797,711.1,822.5454545,0.575,0.375,1,0.55,1,1,0,5,10,0,0,14,24,0,1,1,0,9,17,90,1,1,1,1
28235,,,M,Drop-out,,,,,,,,,,,,,,,,,,,,,,,,,,,,,,,,,,,,,,,,,,,,,,,,,,,,,,,,,,,,,,,,,,,,,,,,,,,,,,,,,,,,,,,,,,,,,,,,,,,,,,,,,,,,,,,,,,,1,1,0,6,12,,,,,,,,,,,,,,,
28236,,21,M,,,,"F7, F8 removed",0.87745098,375,1230,73,20.0748599,60,1850,1,0,1290,412,0,0.464285714,0.857142857,0.535714286,0.642857143,0.5,0.619047619,0.625,0.605263158,1,0.611111111,0.777777778,0.608187135,0.738791423,0.748538012,0.166666667,0.6,0.4,0.4,0.283333333,0.388888889,0.391666667,,,,,,,,,,,,,,,,,,,,,,,,,,1,0.7,1,0.9,1247.3,1290.857143,1271.7,1417.222222,,70,35,286,140,85,90,75,90,16,37,26,25,22,15,125,60,,,,,1,0.5625,0.683333333,300,,60,1,0.842105263,0.75,0.869565217,429.3409091,438.7142857,9.373376623,1,1,0,1166.597403,1058.512821,1189.210526,1365.842105,0.975,0.975,0.95,1,1,1,0,14,14,0,0,30,30,0,0,0,0,25,25,7,1,1,1,1
28237,,19,F,,,T7 removed,"F7, P8 removed",1.053921569,500,1589,88,6.506407099,49,1650,1,0,1638,533,0,0.660714286,0.857142857,0.714285714,0.785714286,0.6875,0.744047619,0.754464286,0.710526316,0.888888889,0.833333333,0.777777778,0.771929825,0.810916179,0.802631579,0.555555556,0.8,0.5,0.8,0.527777778,0.618518519,0.663888889,,,,,,,,,,,,,,,,,,,,,,,,,,0.9,1,0.9,0.9,1292.111111,1567.6,1398.666667,1678.444444,,77,37,279,151,97,99,75,99,17,40,26,24,21,24,135,75,,,,,1,0,0.433333333,360,NO,60,1,0.894736842,0.9,0.904761905,538.8181818,632.1428571,93.32467532,1,0.933333333,0.066666667,1023.583333,963.125,1064.777778,1142.9,0.7625,0.8,0.95,0.5,1,1,0,10,11,0,0,25,27,0,2,2,0,18,18,66,1,1,1,1
28238,,18,F,,AF4 removed,,,0.764705882,319,1017,76.25,20.79062289,58,2150,1,0,1075,362,0,0.535714286,0.785714286,0.5,0.785714286,0.517857143,0.607142857,0.651785714,0.736842105,0.888888889,0.555555556,1,0.64619883,0.727095517,0.795321637,0.111111111,0.6,0.4,0.4,0.255555556,0.37037037,0.377777778,,,,,,,,,,,,,,,,,,,,,,,,,,0.9,0.9,1,0.7,988.8888889,1281.777778,1108,1762.428571,,69,26,233,121,83,43,52,64,10,43,26,16,15,9,109,40,,,,,0.75,0.3125,0.716666667,60,,60,0.666666667,0.4,0,0.357142857,402.5813953,522.8333333,120.251938,0.955555556,0.866666667,0.088888889,999.877193,944.6129032,1163.733333,932.1818182,0.725,0.775,0.8,0.55,2,0,2,2,4,1,3,14,21,2,3,2,1,12,21,126,1,1,1,1
29239,OLCTS First,18,M,,All removed(subject asleep),T7 removed,All removed,1.681372549,9,43,57.4,7.441624673,1,50,1,0,44,10,0,0.142857143,0.571428571,0.357142857,0.714285714,0.25,0.357142857,0.446428571,0.142857143,0.571428571,0.357142857,0.714285714,0.25,0.357142857,0.446428571,#DIV/0!,#DIV/0!,#DIV/0!,#DIV/0!,#DIV/0!,#DIV/0!,#DIV/0!,0.664935065,5,26,15,16,57,0.61,0.61,0.190525589,0.190525589,15,0.6,0.818181818,0.428571429,13,0.52,0.545454545,0.5,15,0.681818182,13,0.464285714,28,0.56,16,0.7,0.9,0.9,1,1252.285714,1384.111111,1029.111111,1543.9,0.875,59,29,179,117,57,57,19,58,8,39,23,14,15,12,103,30,45,0,100,10,0.5625,0.125,0.366666667,360,NO,60,1,0.416666667,0,0.692307692,556.1777778,599.0714286,42.89365079,1,0.933333333,0.066666667,980.3921569,967.6521739,905.2941176,1123.090909,0.6625,0.575,0.9,0.6,3,3,0,5,9,1,2,18,24,1,2,2,0,8,16,71,1,1,1,1
29240,OLCTS First,19,F,,,F3 removed,"F3, P8 removed",0.848039216,247,1293,76.8,16.08415369,1,50,1,0,1294,248,0,0.428571429,0.642857143,0.464285714,0.714285714,0.446428571,0.511904762,0.5625,0.631578947,0.666666667,0.5,0.888888889,0.565789474,0.599415205,0.671783626,0,0.6,0.4,0.4,0.2,0.333333333,0.35,0.898701299,8,35,19,18,72,0.8325,0.8325,0.117862915,0.117862915,19,0.76,0.789473684,0.666666667,14,0.56,0.545454545,0.666666667,27,0.658536585,6,0.666666667,33,0.66,8,,,,,,,,,0.625,72,33,196,138,88,80,29,89,8,35,20,7,14,17,93,20,70,25,100,0,0.9375,0.875,0.766666667,180,,60,0.933333333,0.733333333,0.666666667,0.8,433.6444444,540.1666667,106.5222222,1,0.866666667,0.133333333,1263.653846,1347.517241,969.6111111,1835.8,0.675,0.725,0.9,0.35,0,0,0,2,8,3,3,4,15,0,3,3,0,3,5,,1,1,1,1
28241,,18,F,,FC5 and P7 removed,FC5 removed,All removed,1.088235294,252,957,74.33333333,16.62127151,15,50,1,0,972,253,0,0.568965517,0.714285714,0.607142857,0.642857143,0.588054187,0.630131363,0.633312808,0.710526316,0.888888889,0.833333333,0.777777778,0.771929825,0.810916179,0.802631579,0.222222222,0.4,0.2,0.4,0.211111111,0.274074074,0.305555556,,,,,,,,,,,,,,,,,,,,,,,,,,1,0.9,1,1,1066,1147.666667,1038.2,1388.1,,70,36,286,142,85,96,75,93,13,34,25,29,21,24,133,70,,,,,0.5,0.9375,0.7,60,,60,1,0.578947368,0.761904762,1,500.9333333,522.4666667,21.53333333,1,1,0,816.8636364,756.6060606,853.5789474,909.0714286,0.8375,0.825,0.95,0.75,0,0,0,6,9,0,1,24,26,1,2,1,1,19,21,43,0,0,0,0
28242,,19,F,,"P7, T8, & F3 removed",T7 removed,"F8, FC5 removed",1.205882353,182,750,79.33333333,12.4686273,45,850,1,0,795,199,0,0.689655172,0.785714286,0.535714286,0.857142857,0.612684729,0.670361248,0.71705665,0.75,0.818181818,0.565217391,0.857142857,0.657608696,0.71113307,0.747635517,0.25,0.666666667,0.4,#DIV/0!,0.325,0.438888889,#DIV/0!,,,,,,,,,,,,,,,,,,,,,,,,,,0.9,1,0.9,0.8,1432.333333,1560,1512.666667,1742.625,,73,37,415,147,90,99,96,97,13,36,24,19,23,21,123,60,,,,,0.875,0.4375,0.766666667,60,,60,0.769230769,0.434782609,0.428571429,0.863636364,483.5681818,606,122.4318182,1,1,0,731.3076923,625.1875,785.65,908.9230769,0.825,0.8,1,0.7,0,0,0,5,8,0,1,19,28,1,1,0,1,16,23,116,0,0,0,0
28243,,18,F,,All removed (non-independent signal),"F4, FC6 removed","P7, T7 removed",0.803921569,398,1169,81,20.89657069,20,800,1,0,1189,414,0,0.568965517,0.857142857,0.571428571,0.642857143,0.570197044,0.665845649,0.660098522,0.736842105,0.888888889,0.666666667,0.888888889,0.701754386,0.764132554,0.795321637,0.166666667,0.8,0.4,0.2,0.283333333,0.455555556,0.391666667,,,,,,,,,,,,,,,,,,,,,,,,,,1,1,1,0.9,1175.2,1388.9,1113.5,1468.222222,,67,30,252,127,79,62,60,73,18,42,30,8,21,24,125,60,,,,,1,0.9375,0.916666667,360,NO,60,1,0.722222222,0.863636364,0.954545455,544.4772727,589.1333333,44.65606061,1,1,0,847.3289474,743.1578947,941.8,962.2777778,0.95,0.95,1,0.9,0,0,0,9,13,2,2,24,27,0,2,2,0,20,24,20,1,1,1,1
28244,,26,F,,,,,1.12745098,135,573,65.66666667,13.15548048,34,745,0.647826087,0,607,149.9,0,0.379310345,0.428571429,0.357142857,0.857142857,0.368226601,0.388341544,0.505541872,0.473684211,0.444444444,0.388888889,0.777777778,0.43128655,0.435672515,0.52119883,0.111111111,0.4,0.3,1,0.205555556,0.27037037,0.452777778,,,,,,,,,,,,,,,,,,,,,,,,,,1,0.9,0.9,0.9,1544.6,1461,1489.222222,1795.666667,,64,24,216,112,71,35,39,51,8,41,26,14,14,5,100,30,,,,,0.6875,0.75,0.75,120,,60,0.666666667,0.533333333,0.454545455,0.947368421,461.7555556,552.8666667,91.11111111,1,1,0,1034.234043,1185.529412,884.7894737,1058.545455,0.5875,0.425,0.95,0.55,2,2,0,9,11,1,1,24,24,0,3,3,0,16,23,98,1,1,1,1
29245,OLCTS First,19,F,"Flipped buttons on Simon,score deleted",,,"FC6, T8 removed",0.946078431,465,1314,95.4,4.277849927,16,550,1,0,1330,476,0,0.655172414,0.714285714,0.642857143,0.571428571,0.649014778,0.670771757,0.645935961,0.842105263,0.666666667,0.722222222,0.666666667,0.782163743,0.743664717,0.724415205,0.222222222,0.8,0.5,0.4,0.361111111,0.507407407,0.480555556,1.350649351,11,18,17,10,45,0.764,0.764,0.201072126,0.201072126,18,0.72,0.818181818,0,18,0.72,0.739130435,0.5,35,0.777777778,1,0.2,36,0.72,33.33333333,1,0.9,1,1,1222.8,1276.555556,1037,1451.8,0.875,64,27,223,118,71,48,43,60,16,43,27,19,26,21,136,75,95,50,100,80,0.5,0.625,0.733333333,60,,60,1,0.791666667,0.869565217,1,,,,,,,745.0266667,656.7631579,718.6842105,959.1666667,0.95,0.95,1,0.9,0,0,0,10,13,1,1,30,30,0,2,2,0,19,20,63,1,1,1,1
28246,,25,F,,,,,1.156862745,92,372,80.71428571,12.16161017,60,710,0.835294118,0,432,106.2,0,0.586206897,0.571428571,0.535714286,0.857142857,0.560960591,0.564449918,0.637623153,0.625,0.545454545,0.565217391,0.857142857,0.595108696,0.578557312,0.648203698,0.25,0.666666667,0.4,#DIV/0!,0.325,0.438888889,#DIV/0!,,,,,,,,,,,,,,,,,,,,,,,,,,0.9,1,1,0.8,1229.666667,1353.6,1218.3,1443,,61,36,196,133,63,96,29,81,13,42,16,15,17,24,114,45,,,,,1,1,0.75,60,,60,1,0.956521739,0.52173913,0.75,623,749.2666667,126.2666667,1,1,0,845.0149254,839.5588235,808.2222222,901.5333333,0.85,0.85,0.9,0.8,0,0,0,14,14,1,1,13,25,0,1,1,0,12,19,103,1,1,1,1
28247,,19,F,,,"F7, T7 removed","AF4, F7 removed",1.156862745,454,1518,87.5,13.15674732,34,750,1,0,1552,469,0,0.5,0.928571429,0.5,0.785714286,0.5,0.642857143,0.678571429,0.631578947,1,0.555555556,0.888888889,0.593567251,0.729044834,0.769005848,0.166666667,0.8,0.4,0.6,0.283333333,0.455555556,0.491666667,,,,,,,,,,,,,,,,,,,,,,,,,,1,0.9,0.9,0.7,1381.7,1521.888889,1363,1839.857143,,75,36,305,147,93,96,80,97,10,24,25,16,23,19,107,35,,,,,0.8125,0.6875,0.716666667,120,,60,0.9375,0.5,0.695652174,0.956521739,546.9555556,602.9333333,55.97777778,1,1,0,1806.765625,1749.909091,1702.684211,2127.916667,0.8,0.825,0.95,0.6,0,0,0,2,7,1,2,9,26,1,2,0,2,5,9,48,2,0,2,1
28248,,19,F,,,All removed,"FC6, O1, O2,P8 removed",1.024509804,403,1429,73.16666667,12.51266026,27,500,1,0,1456,413,0,0.625,0.642857143,0.642857143,0.785714286,0.633928571,0.636904762,0.674107143,0.657894737,0.777777778,0.777777778,0.888888889,0.717836257,0.737816764,0.775584795,0.555555556,0.4,0.4,0.6,0.477777778,0.451851852,0.488888889,,,,,,,,,,,,,,,,,,,,,,,,,,0.7,0.8,0.7,0.8,1144.142857,1454.125,1196.857143,1472.625,,68,31,247,130,81,69,60,78,12,26,27,17,21,24,115,50,,,,,0.25,0.9375,0.816666667,360,,60,0.727272727,0.133333333,0.45,0.789473684,377.8,450.1428571,72.34285714,1,0.933333333,0.066666667,873.3421053,801.1891892,978.3,903.3684211,0.9625,0.925,1,1,0,0,0,11,12,1,1,18,23,0,4,3,1,19,22,,1,1,1,1
28249,,20,M,Red Color-blind,,T7 removed,,1.450980392,37,131,61.7,13.95269787,3,50,1,0,134,38,0,0.534482759,0.785714286,0.5,0.857142857,0.517241379,0.606732348,0.669334975,0.517857143,0.785714286,0.5,0.857142857,0.508928571,0.601190476,0.665178571,#DIV/0!,#DIV/0!,#DIV/0!,#DIV/0!,#DIV/0!,#DIV/0!,#DIV/0!,,,,,,,,,,,,,,,,,,,,,,,,,,1,1,0.9,1,1221.8,1356.9,1550.444444,1710.2,,74,36,364,146,91,96,92,97,14,35,26,24,18,7,110,40,,,,,0.875,1,0.716666667,180,,60,1,0.954545455,0.869565217,1,376.0909091,421.0769231,44.98601399,0.977777778,0.866666667,0.111111111,1187.402778,1067.216216,1221.4,1438.533333,0.9,0.925,1,0.75,0,0,0,2,8,0,0,14,19,0,1,0,1,19,23,,1,1,1,1
28250,,18,F,Drop-out,,"FC5, T8 removed",FC5 removed,,,,,,,,,,,,,,,,,,,,,,,,,,,,,,,,,,,,,,,,,,,,,,,,,,,,,,,,,,,0.9,1,1,0.8,1265.777778,1338.2,1374.5,1734.875,,69,34,233,137,83,83,52,88,9,17,27,33,18,13,108,40,,,,,0.9375,0.875,0.833333333,120,,60,0.888888889,0.125,0.095238095,0.6,443.4222222,451,7.577777778,1,0.866666667,0.133333333,1265.926471,1151.764706,1290.375,1459.833333,0.8875,0.85,0.9,0.95,0,0,0,6,11,1,1,25,28,0,4,3,1,12,22,20,1,1,1,1
29280,OLCTS First,19,F,,,,F8 removed,1.12254902,247,655,86,10.46900186,15,350,1,0,670,254,0,0.571428571,0.714285714,0.642857143,1,0.607142857,0.642857143,0.732142857,0.684210526,0.666666667,0.722222222,1,0.703216374,0.691033138,0.768274854,0.333333333,0.8,0.5,1,0.416666667,0.544444444,0.658333333,1.150649351,10,24,18,9,51,0.7,0.7,0.209165007,0.209165007,14,0.56,0.55,0.6,18,0.72,0.772727273,0.333333333,28,0.666666667,4,0.5,32,0.64,29,1,0.9,0.8,1,1212.7,1464,1330.875,1397.2,0.625,71,37,261,145,86,99,68,96,8,33,25,18,23,20,119,50,80,25,100,90,0.75,0.75,0.716666667,360,NO,60,0.727272727,0.5,0.681818182,0.956521739,388.8222222,448.7857143,59.96349206,1,0.933333333,0.066666667,1749.521127,1509.805556,1970.315789,2026.6875,0.8875,0.9,0.95,0.8,1,1,0,11,13,1,1,19,23,0,0,0,0,15,19,88,1,1,1,1
29281,OLCTS First,18,F,,All removed(sweaty subject),FC5 removed,"FC5,FC6 removed",0.843137255,364,1162,84,22.90560339,23,800,1,0,1185,380,0,0.464285714,0.785714286,0.464285714,0.714285714,0.464285714,0.571428571,0.607142857,0.684210526,0.777777778,0.666666667,0.777777778,0.675438596,0.709551657,0.726608187,0,0.8,0.1,0.6,0.05,0.3,0.375,1.192207792,10,11,10,6,27,0.806,0.806,0.183248465,0.183248465,18,0.72,0.8,0.4,19,0.76,0.818181818,0.333333333,34,0.80952381,3,0.375,37,0.74,20,1,0.8,0.9,0.9,857.9,1119.375,970.4444444,1179.333333,0.625,69,36,341,141,83,96,89,99,12,43,30,30,22,20,145,90,50,45,100,90,0.9375,1,0.85,180,,60,0.6875,0.095238095,0.181818182,1,517.4418605,539.6923077,22.25044723,0.977777778,0.866666667,0.111111111,1350.961538,1348.423077,1190.05,1898.333333,0.6625,0.65,1,0.35,0,0,0,5,10,0,0,30,30,0,2,2,0,18,23,23,1,1,1,1
28282,,18,F,,,,F7 removed,1.166666667,74,282,72.66666667,14.15156057,3,50,1,0,285,75,0,0.214285714,0.428571429,0.464285714,0.785714286,0.339285714,0.369047619,0.473214286,0.25,0.454545455,0.52173913,0.785714286,0.385869565,0.408761528,0.502999718,0,0.333333333,0.2,#DIV/0!,0.1,0.177777778,#DIV/0!,,,,,,,,,,,,,,,,,,,,,,,,,,1,0.8,1,0.9,1138.6,1190.25,1040.5,1193.666667,,64,35,286,134,71,90,75,83,10,27,23,16,22,21,109,40,,,,,0.1875,0.8125,0.6,180,,60,0.941176471,0.909090909,0.875,0.952380952,377.4545455,446.8,69.34545455,1,1,0,618.2888889,598.4615385,659.9,570.4166667,0.575,0.325,1,0.65,0,0,0,9,10,1,3,25,27,2,2,0,2,17,23,104,1,1,1,1
28283,,18,F,,,,"F4, FC6 removed",0.764705882,201,740,79.25,20.51625372,29,550,1,0,769,212,0,0.553571429,0.785714286,0.535714286,0.714285714,0.544642857,0.625,0.647321429,0.657894737,0.777777778,0.666666667,0.777777778,0.662280702,0.700779727,0.72002924,0.333333333,0.8,0.3,0.6,0.316666667,0.477777778,0.508333333,,,,,,,,,,,,,,,,,,,,,,,,,,1,0.9,0.9,0.7,1219.8,1321,1279.888889,1426.285714,,70,36,357,142,85,96,91,93,12,36,23,13,26,24,122,55,,,,,0.5,0.5625,0.6,180,,60,1,0.391304348,0.619047619,0.954545455,341.2,435.8461538,94.64615385,1,0.866666667,0.133333333,1500.657895,1440.421053,1550.111111,1570.6,0.9625,0.95,0.95,1,0,0,0,9,12,0,0,26,29,0,3,2,1,7,12,27,1,1,1,1
28284,,18,F,,,,,0.710784314,309,879,81,18.52025918,4,50,1,0,883,310,0,0.375,0.785714286,0.571428571,0.571428571,0.473214286,0.577380952,0.575892857,0.392857143,1,0.769230769,0.75,0.581043956,0.720695971,0.728021978,0.357142857,0.625,0.4,0.333333333,0.378571429,0.460714286,0.428869048,,,,,,,,,,,,,,,,,,,,,,,,,,0.8,0.8,0.8,0.9,1013.5,1066,1087.375,1402.888889,,63,35,233,133,69,90,52,81,13,40,27,20,22,22,131,70,,,,,0.25,0.9375,0.633333333,180,,60,1,0.428571429,0.363636364,0.782608696,504.4666667,572.8571429,68.39047619,1,0.933333333,0.066666667,740.7333333,559.0689655,808.1666667,1052.615385,0.7625,0.725,0.95,0.65,1,1,0,5,9,0,1,24,26,1,1,1,0,18,22,74,1,1,1,1
28303,Python First,20,F,Accidentally ran all 3 blocks of Sym Span,,,P8 removed,1.06372549,144,880,73.16666667,13.55605646,31,900,1,0,911,162,0,0.392857143,0.357142857,0.464285714,0.928571429,0.428571429,0.404761905,0.535714286,0.526315789,0.333333333,0.5,0.888888889,0.513157895,0.453216374,0.562134503,0.111111111,0.4,0.4,1,0.255555556,0.303703704,0.477777778,1.064935065,9,32,23,15,70,0.698,0.698,0.217071417,0.217071417,18,0.72,0.789473684,0.5,16,0.64,0.727272727,0,31,0.756097561,3,0.333333333,34,0.68,24.66666667,0.9,0.7,0.7,0.8,1482.777778,1812.857143,1603.428571,1711.5,0.625,67,,,,79,,,,12,42,26,14,18,17,117,50,90,70,20,50,0.875,0.75,0.816666667,60,,60,0.777777778,0.333333333,0.1875,0.888888889,511.9090909,558.1333333,46.22424242,1,1,0,954.6388889,786.9166667,1005.736842,1252.705882,0.9125,0.925,0.95,0.85,4,1,1,0,0,2,6,18,21,4,1,0,1,18,22,132,1,1,1,1
29305,Python First,24,F,,P8 removed,,,0.764705882,521,1536,81.33333333,27.30079364,12,550,1,0,1548,532,0,0.517857143,0.857142857,0.642857143,0.785714286,0.580357143,0.672619048,0.700892857,0.607142857,1,0.769230769,0.875,0.688186813,0.792124542,0.812843407,0.428571429,0.75,0.533333333,0.666666667,0.480952381,0.570634921,0.594642857,0.968831169,8,9,5,1,15,0.8825,0.8825,0.160494029,0.160494029,18,0.72,0.789473684,0.5,15,0.6,0.681818182,0,30,0.731707317,3,0.333333333,33,0.66,29,1,0.8,0.8,1,1166.4,1370,1360,1502,0.75,78,,,,98,,,,12,31,23,16,20,24,114,45,90,50,100,70,0.5625,0.6875,0.616666667,60,,60,1,0.95,0.791666667,0.833333333,397.9555556,457.7142857,59.75873016,1,0.933333333,0.066666667,837.6875,761.1071429,838.35,970.875,0.8125,0.725,1,0.8,0,1,1,0,5,0,0,24,29,0,6,5,1,12,15,29,1,1,1,1
28306,Python First,20,M,,,,,0.995098039,400,1323,83.16666667,17.93785569,16,750,1,0,1339,415,0,0.625,0.785714286,0.75,0.857142857,0.6875,0.720238095,0.754464286,0.666666667,0.909090909,0.739130435,0.857142857,0.702898551,0.771629337,0.793007717,0.375,0.333333333,0.8,#DIV/0!,0.5875,0.502777778,#DIV/0!,1.483116883,13,16,5,1,22,1,1,0,0,24,0.96,0.96,#DIV/0!,21,0.84,0.84,#DIV/0!,45,0.9,0,#DIV/0!,45,0.9,46.66666667,1,1,1,0.9,1210.9,1321.6,1242.5,1510.111111,1,73,,,,90,,,,18,43,30,32,32,24,161,97,75,30,100,50,1,1,0.933333333,240,,60,1,0.523809524,0.428571429,0.8,528.0444444,571.9333333,43.88888889,1,1,0,1556.760563,1352.794872,1654.631579,2025.615385,0.9,0.975,0.95,0.7,1,2,2,0,9,0,1,30,30,1,1,0,1,25,25,18,1,1,1,1
28307,Python First,24,F,,,All removed,,0.995098039,313,1413,68,13.08434179,12,360,0.654545455,0,1425,320.2,0,0.464285714,0.714285714,0.571428571,0.714285714,0.517857143,0.583333333,0.616071429,0.578947368,0.666666667,0.777777778,0.666666667,0.678362573,0.674463938,0.67251462,0.222222222,0.8,0.2,0.8,0.211111111,0.407407407,0.505555556,1.374025974,11,28,31,1,60,0.856,0.856,0.151095996,0.151095996,17,0.68,0.681818182,0.666666667,19,0.76,0.826086957,0,34,0.755555556,2,0.4,36,0.72,26.66666667,1,0.9,1,0.9,1214,1359.444444,1194.6,1393.777778,0.75,72,,,,88,,,,15,42,27,10,24,24,127,65,50,25,90,70,0.375,0.75,0.683333333,60,,60,0.75,0.571428571,0.636363636,0.909090909,509.5555556,554.6153846,45.05982906,1,0.933333333,0.066666667,965.8309859,833.7058824,1032.052632,1145.5,0.9,0.875,0.95,0.9,1,0,0,0,5,2,3,24,29,1,2,1,1,12,22,121,1,1,1,1
28310,Python First,23,M,,F7 removed,AF4 removed,F7 removed,0.764705882,330,1149,70.33333333,22.18858565,12,250,1,0,1161,335,0,0.464285714,0.642857143,0.535714286,0.5,0.5,0.547619048,0.535714286,0.642857143,0.5,0.538461538,0.75,0.590659341,0.56043956,0.60782967,0.285714286,0.75,0.533333333,0.166666667,0.40952381,0.523015873,0.433928571,1.361038961,11,13,9,3,25,0.898,0.898,0.152052622,0.152052622,14,0.56,0.590909091,0.333333333,18,0.72,0.739130435,0.5,30,0.666666667,2,0.4,32,0.64,31.33333333,1,1,1,1,1407.2,1418,1392.2,1650.4,0.875,65,,,,74,,,,15,43,22,11,21,20,117,50,50,25,100,60,0.25,0.9375,0.666666667,60,,60,0.8125,0.75,0.739130435,1,420.9777778,441.2666667,20.28888889,1,1,0,1062.971429,897.6666667,1274.578947,1142.666667,0.9,0.85,0.95,0.95,2,1,1,0,9,0,2,19,24,2,0,0,0,18,23,54,1,1,1,1
29318,Python First,21,M,,,FC5 removed,,1.279411765,266,940,88,9.128709292,19,725,0.763157895,0,959,280.5,0,0.642857143,0.571428571,0.75,0.785714286,0.696428571,0.654761905,0.6875,0.625,0.545454545,0.782608696,0.785714286,0.703804348,0.65102108,0.684694382,0.75,0.666666667,0.6,#DIV/0!,0.675,0.672222222,#DIV/0!,1.545454545,13,8,2,1,11,0.916666667,0.96,0.093950341,0.093950341,25,1,1,#DIV/0!,21,0.84,0.84,#DIV/0!,46,0.92,0,#DIV/0!,46,0.92,37.33333333,1,0.9,1,0.9,914.5,931.7777778,932.2,1044.777778,0.875,70,,,,85,,,,12,41,24,21,21,12,119,55,50,15,100,70,0.25,0.25,0.466666667,120,,60,0.923076923,0.818181818,0.222222222,0.947368421,901.627907,1068.357143,166.7292359,1,0.933333333,0.066666667,827.9855072,769.0540541,898.9473684,892,0.8875,0.925,1,0.7,1,0,0,0,0,0,1,24,29,1,0,0,0,18,24,0,1,1,1,1
28326,Python First,21,M,,,,,1.044117647,228,808,86,9.570788891,11,550,1,0,819,239,0,0.428571429,0.428571429,0.535714286,0.928571429,0.482142857,0.464285714,0.580357143,0.631578947,0.333333333,0.666666667,1,0.649122807,0.543859649,0.657894737,0,0.6,0.3,0.8,0.15,0.3,0.425,1.21038961,10,29,20,15,64,0.848,0.848,0.151228304,0.151228304,17,0.68,0.727272727,0.333333333,23,0.92,0.913043478,1,37,0.822222222,3,0.6,40,0.8,25,0.9,1,1,0.9,823.4444444,988.6,927.5,1063.888889,0.75,67,,,,79,,,,13,39,27,19,13,4,102,30,55,25,40,50,0.8125,0.8125,0.8,180,,60,1,1,0.958333333,0.916666667,418.3409091,471,52.65909091,1,1,0,571.5882353,523.7878788,573.0526316,668.4375,0.8625,0.825,1,0.8,0,0,0,0,9,0,0,30,30,0,0,0,0,21,24,31,1,1,1,1
28328,Python First,20,F,,"F7, FC5, and T8 removed",,FC5 removed,0.926470588,347,985,91.8,6.457553716,20,250,1,0,1005,352,0,0.625,0.714285714,0.571428571,0.642857143,0.598214286,0.636904762,0.638392857,0.763157895,0.666666667,0.722222222,0.777777778,0.742690058,0.717348928,0.73245614,0.333333333,0.8,0.3,0.4,0.316666667,0.477777778,0.458333333,1.415584416,12,7,6,3,16,0.924,0.924,0.112383273,0.112383273,20,0.8,0.8,#DIV/0!,23,0.92,0.92,#DIV/0!,43,0.86,0,#DIV/0!,43,0.86,40,1,1,1,0.9,1201.1,1283.9,1322,1616.111111,1,64,,,,71,,,,16,36,27,20,21,24,128,65,95,40,100,70,0.8125,0.875,0.766666667,60,,60,1,0.523809524,0.5,0.739130435,533.7045455,608.6428571,74.93831169,1,0.933333333,0.066666667,822.8987342,729.875,822.55,1019.105263,1,1,1,1,1,0,0,0,11,0,1,25,29,1,1,1,0,7,19,0,1,1,1,1
28302,Python First,19,F,,,,,,,,,,,,,,,,,,,,,,,,,,,,,,,,,,,,,,0.966233766,9,14,12,2,28,0.733333333,0.733333333,0.203059925,0.203059925,14,0.56,0.666666667,0.4,15,0.6,0.461538462,0.75,16,0.571428571,13,0.590909091,29,0.58,26.66666667,1,0.9,0.9,0.6,1518.3,1576,1427.444444,1648.166667,,65,,,,74,,,,11,38,27,20,18,23,126,65,,,,,0.6875,0.6875,0.7,180,,60,0.6,0.588235294,0.625,0.80952381,471.8888889,452.4666667,-19.42222222,1,1,0,1113.276923,1012.545455,1193.411765,1244.066667,0.8125,0.825,0.85,0.75,0,0,0,0,7,0,0,14,23,0,2,2,0,18,23,37,1,1,1,1
28304,Python First,29,M,,,,,,,,,,,,,,,,,,,,,,,,,,,,,,,,,,,,,,1.218181818,10,15,7,2,24,0.932,0.932,0.152052622,0.152052622,18,0.72,0.772727273,0.333333333,15,0.6,0.608695652,0.5,31,0.688888889,2,0.4,33,0.66,26.66666667,1,1,1,1,1518.3,1525.1,1518.1,1821.4,,59,,,,57,,,,13,43,22,20,17,23,125,60,,,,,0.9375,0.125,0.716666667,120,,60,1,0.869565217,0.833333333,0.958333333,527.1395349,590.8,63.66046512,1,1,0,762.3037975,725.55,730.85,872.7894737,1,1,1,1,0,0,0,0,14,0,0,30,30,0,4,1,3,13,19,15,1,1,1,1
28308,Python First,24,M,,,,,,,,,,,,,,,,,,,,,,,,,,,,,,,,,,,,,,1.267532468,11,17,16,8,41,0.89,0.89,0.109316056,0.109316056,17,0.68,0.772727273,0,20,0.8,0.826086957,0.5,36,0.8,1,0.2,37,0.74,37.66666667,0.9,0.8,0.9,0.7,1172.111111,1335.25,1381,1520.857143,0.875,76,,,,95,,,,14,40,29,30,32,24,155,97,,,,,0.5,0.75,0.733333333,60,,60,0.875,0.388888889,0.454545455,0.916666667,,,,,,,1090.073529,1064.833333,1029.1,1267.416667,0.8625,0.9,1,0.65,0,1,1,0,5,3,3,24,26,0,0,0,0,18,21,30,1,1,1,1
28309,Python First,20,M,,,,,,,,,,,,,,,,,,,,,,,,,,,,,,,,,,,,,,0.812987013,7,15,8,5,28,0.7375,0.7375,0.221867077,0.221867077,13,0.52,0.666666667,0.3,10,0.4,0.461538462,0.333333333,16,0.571428571,7,0.318181818,23,0.46,0.333333333,1,0.9,1,1,1395.6,1478.555556,1501.2,1631,0.5,65,,,,74,,,,7,21,24,19,19,20,103,30,,,,,1,0.5,0.566666667,360,NO,60,0.823529412,0.761904762,0.863636364,0.916666667,603.8571429,540.2666667,-63.59047619,1,1,0,1891.967213,1742.833333,1744.75,2566.363636,0.7625,0.75,1,0.55,1,1,0,1,5,1,2,24,29,1,1,1,0,25,25,32,1,1,1,1
28311,Python First,18,M,,,,,,,,,,,,,,,,,,,,,,,,,,,,,,,,,,,,,,1.480519481,13,13,9,9,31,0.711666667,0.711666667,0.252223446,0.252223446,19,0.76,0.76,#DIV/0!,20,0.8,0.8,#DIV/0!,39,0.78,0,#DIV/0!,39,0.78,39,0.9,1,0.9,0.9,1171.888889,1258.3,1226.666667,1366.777778,,70,,,,85,,,,14,41,26,22,18,9,116,45,,,,,0.9375,0.6875,0.866666667,360,NO,60,0.833333333,0.666666667,0.714285714,0.904761905,509.0681818,541.2666667,32.19848485,0.977777778,1,-0.022222222,826.3382353,698.8,880.8235294,1047.4375,0.8875,0.875,0.9,0.9,0,1,1,0,9,1,1,19,25,0,1,1,0,18,22,71,1,1,1,2
28312,Python First,26,F,,,,,,,,,,,,,,,,,,,,,,,,,,,,,,,,,,,,,,1.023376623,8,12,11,2,25,0.705,0.705,0.295578529,0.179141471,19,0.76,0.947368421,0.166666667,19,0.76,0.863636364,0,37,0.902439024,1,0.111111111,38,0.76,18.33333333,0.9,0.9,0.8,0.7,1346.888889,1351.222222,1347.75,1268.571429,,79,,,,99,,,,12,39,26,25,19,17,126,65,,,,,0.3125,0.875,0.6,180,,60,0.857142857,0.277777778,0.15,0.772727273,458.1555556,573.9230769,115.7675214,1,0.933333333,0.066666667,992.3846154,919.7575758,1069.947368,1063.384615,0.825,0.85,0.95,0.65,0,0,0,0,0,1,1,0,13,0,3,3,0,3,7,127,1,1,1,2
28313,Python First,18,F,Drop-Out,,,,,,,,,,,,,,,,,,,,,,,,,,,,,,,,,,,,,1.309090909,,,,,,,,0.023094011,0.023094011,,,,,,,,,,,,,,,,0.9,0.9,1,1,1198.333333,1276.666667,1194.3,1551.3,,66,,,,76,,,,14,42,29,25,23,20,139,85,,,,,0.8125,0.4375,0.65,240,,60,1,1,0.869565217,1,422.1818182,459.0666667,36.88484848,1,1,0,634.5909091,559.2258065,732.4,659.9333333,0.8625,0.8,1,0.85,0,0,0,0,10,1,1,30,30,0,0,0,0,25,25,53,1,1,1,1
28314,Python First,19,F,,,,,,,,,,,,,,,,,,,,,,,,,,,,,,,,,,,,,,1.264935065,10,9,10,3,22,0.83,0.83,0.136565003,0.136565003,18,0.72,0.8,0.4,19,0.76,0.818181818,0.333333333,34,0.80952381,3,0.375,37,0.74,33.66666667,0.9,1,0.8,1,1234,1331.6,1186.625,1508.9,0.875,67,,,,79,,,,15,40,30,19,22,24,135,75,,,,,0.5,0.6875,0.716666667,180,,60,0.9375,0.875,0.782608696,0.875,412,502.1666667,90.16666667,1,0.8,0.2,1467.708333,894.25,1951.105263,2141.823529,0.9,0.9,0.95,0.85,0,0,0,0,2,1,1,15,24,0,2,2,0,25,25,0,1,1,1,1
28315,Python First,33,F,Drop-Out,,,,,,,,,,,,,,,,,,,,,,,,,,,,,,,,,,,,,,,,,,,,,,,,,,,,,,,,,,,,,,,,,,,,,,,78,,,,98,,,,,,,,,,,,,,,,,,,,,,1,0.791666667,0.833333333,0.958333333,,,,,,,968.8484848,793.7,1013.736842,1227.764706,0.8375,0.775,0.95,0.85,,,,,,,,,,,,0,0,18,24,0,0,0,0,0
28316,Python First,20,F,,,,,,,,,,,,,,,,,,,,,,,,,,,,,,,,,,,,,,1.607792208,13,14,12,10,36,0.916666667,0.916666667,0.093950341,0.093950341,22,0.88,0.88,#DIV/0!,23,0.92,0.92,#DIV/0!,45,0.9,0,#DIV/0!,45,0.9,38.66666667,1,0.9,1,0.9,1431.3,1600.222222,1545.3,1860.222222,0.875,63,,,,69,,,,15,43,27,20,23,24,137,80,,,,,1,0.9375,0.95,360,YES,60,0.866666667,0.764705882,0.529411765,0.909090909,429.3333333,494.0666667,64.73333333,1,1,0,1038.513514,969.9459459,976.85,1260.294118,0.9375,0.925,1,0.9,0,1,1,0,11,0,0,30,30,0,0,0,0,18,23,54,1,1,1,1
28317,Python First,19,F,Drop-Out,,,,,,,,,,,,,,,,,,,,,,,,,,,,,,,,,,,,,1.766666667,,,,,,,,0.105987421,0.105987421,,,,,,,,,,,,,,,,0.7,0.7,0.7,0.8,1105,1193.714286,1202.571429,1257.25,,73,,,,90,,,,6,28,22,23,22,22,117,50,,,,,0.875,0.5625,0.716666667,60,,60,0.9,0.470588235,0.368421053,0.578947368,394.3333333,484.1,89.76666667,1,0.733333333,0.266666667,701.509434,682.7241379,726.1333333,721,0.675,0.75,0.75,0.45,0,2,2,0,2,0,0,24,29,0,3,2,1,3,13,111,1,1,1,1
28319,Python First,29,M,,,,,,,,,,,,,,,,,,,,,,,,,,,,,,,,,,,,,,0.961038961,9,10,8,3,21,0.705,0.83,0.295578529,0.295578529,19,0.76,0.842105263,0.5,14,0.56,0.636363636,0,30,0.731707317,3,0.333333333,33,0.66,29.33333333,0.9,1,1,1,964.3333333,977.9,926.6,1065.3,1,75,,,,93,,,,13,43,29,10,15,21,118,50,,,,,0.5625,0.75,0.566666667,60,,60,1,0.956521739,0.958333333,0.958333333,443.0222222,477.6428571,34.62063492,1,1,0,1116.424658,985.3055556,988.1,1545.058824,0.925,0.925,1,0.85,0,0,0,0,9,0,0,30,30,0,1,1,0,25,25,0,1,1,1,1
28320,Python First,21,F,,,,,,,,,,,,,,,,,,,,,,,,,,,,,,,,,,,,,,1.293506494,10,22,15,6,43,0.856,0.856,0.197686621,0.197686621,16,0.64,0.727272727,0,19,0.76,0.782608696,0.5,34,0.755555556,1,0.2,35,0.7,32.33333333,0.9,0.9,1,0.8,1003.888889,1193.888889,1120.1,1216.75,0.875,67,,,,79,,,,15,40,27,16,15,22,120,55,,,,,0.8125,0.6875,0.733333333,240,,60,0.714285714,0.611111111,0.545454545,0.80952381,366.3809524,452.6923077,86.31135531,0.933333333,0.933333333,0,1228.383333,1000.310345,1283.5,1660.846154,0.7625,0.75,0.9,0.65,0,1,1,0,5,1,1,13,22,0,2,2,0,3,17,67,1,1,1,1
28321,Python First,26,F,,,,,,,,,,,,,,,,,,,,,,,,,,,,,,,,,,,,,,1.181818182,10,9,12,6,27,0.756,0.756,0.19654516,0.19654516,19,0.76,0.772727273,0.666666667,19,0.76,0.826086957,0,36,0.8,2,0.4,38,0.76,34,0.9,0.7,0.9,0.7,1432.555556,1528,1489.888889,1801.285714,0.5,70,,,,85,,,,10,39,29,18,25,17,128,65,,,,,0.75,0.5,0.633333333,120,,60,0.727272727,0.4375,0.625,0.869565217,526.5227273,544.3846154,17.86188811,1,0.866666667,0.133333333,1078,1073.65625,1034.05,1162.833333,0.8125,0.8,1,0.65,2,0,0,0,6,1,3,4,15,2,2,2,0,18,18,0,1,1,1,1
28322,Python First,22,F,Drop-Out,,,,,,,,,,,,,,,,,,,,,,,,,,,,,,,,,,,,,1.233333333,,,,,,,,,,,,,,,,,,,,,,,,,1,0.9,0.8,0.9,1040.5,1099.777778,1105.625,1141.333333,,71,,,,86,,,,11,32,23,13,22,15,105,30,,,,,0.9375,0.8125,0.8,60,,60,1,0.444444444,0.45,0.647058824,396.3333333,433.5714286,37.23809524,1,0.933333333,0.066666667,511.9130435,452.4,556.85,511.3636364,0.575,0.375,1,0.55,0,0,0,0,14,1,1,14,24,0,1,1,0,13,22,0,1,1,1,1
28323,Python First,19,F,Drop-Out,,,,,,,,,,,,,,,,,,,,,,,,,,,,,,,,,,,,,2,,,,,,,,,,,,,,,,,,,,,,,,,0.9,0.7,0.7,0.7,1456.222222,1523.571429,1444.857143,1442.285714,,67,,,,79,,,,13,30,22,23,19,20,114,45,,,,,0.625,0.875,0.766666667,360,NO,60,0.75,0.368421053,0.909090909,0.954545455,627.2954545,768.6,141.3045455,1,1,0,947.9117647,902.875,851.0526316,1140.941176,0.875,0.8,1,0.9,1,0,0,0,9,0,1,24,27,1,0,0,0,18,23,24,1,1,1,1
28324,Python First,18,M,,,,,,,,,,,,,,,,,,,,,,,,,,,,,,,,,,,,,,1.641558442,13,16,4,2,22,0.871666667,0.871666667,0.126081984,0.126081984,23,0.92,0.92,#DIV/0!,23,0.92,0.92,#DIV/0!,46,0.92,0,#DIV/0!,46,0.92,45,1,0.9,1,1,1308.5,1469.666667,1282.7,1566.3,1,76,,,,95,,,,15,43,30,24,17,24,138,80,,,,24,1,1,0.966666667,60,,60,0.941176471,0.75,0.772727273,0.916666667,624.3488372,621.7333333,-2.615503876,0.977777778,1,-0.022222222,1318.736111,1087.888889,1564.882353,1535.894737,0.9125,0.9,0.9,0.95,0,0,0,0,9,1,1,30,30,0,1,0,1,25,25,25,1,1,1,1
28325,Python First,19,M,,,,,,,,,,,,,,,,,,,,,,,,,,,,,,,,,,,,,,1.303896104,11,22,17,11,50,0.74,0.74,0.192223828,0.192223828,17,0.68,0.772727273,0,17,0.68,0.739130435,0,34,0.755555556,0,0,34,0.68,31.66666667,0.9,0.9,1,0.9,1429.777778,1567.777778,1261.2,1817.444444,1,71,,,,86,,,,11,39,30,18,22,19,128,65,,,,18,0.3125,1,0.683333333,60,,60,0.95,0.473684211,0.583333333,0.85,400.8666667,425.8,24.93333333,1,1,0,769.9852941,697.9117647,840.1,844.8571429,0.8625,0.85,1,0.75,0,0,0,0,14,1,1,24,26,0,1,1,0,25,25,19,1,1,1,1
28327,Python First,20,F,,,,,,,,,,,,,,,,,,,,,,,,,,,,,,,,,,,,,,1.238961039,11,24,14,26,64,0.79,0.79,0.225166605,0.225166605,18,0.72,0.818181818,0,20,0.8,0.826086957,0.5,37,0.822222222,1,0.2,38,0.76,34,1,0.7,0.8,0.8,1122.5,1073.285714,1217.875,1278.375,0.75,73,,,,90,,,,14,42,28,20,20,9,118,50,,,,20,0.375,0.3125,0.483333333,360,NO,60,0.916666667,0.666666667,0.636363636,0.863636364,479.7045455,482.8666667,3.162121212,1,1,0,781.4117647,659.53125,832.4,961.4375,0.85,0.8,1,0.8,0,0,0,0,5,0,0,20,24,0,2,2,0,6,12,11,1,1,1,1
28329,Python First,22,M,,,,,,,,,,,,,,,,,,,,,,,,,,,,,,,,,,,,,,1.293506494,11,14,12,8,34,0.974,0.974,0.058137767,0.058137767,22,0.88,0.909090909,0.666666667,22,0.88,0.913043478,0.5,41,0.911111111,3,0.6,44,0.88,31.33333333,1,1,1,0.7,1233.7,1416.4,1356.5,1317.428571,1,73,,,,90,,,,13,34,30,17,17,19,117,50,,,,17,0.75,0.5,0.733333333,60,,60,0.611111111,0.3,0.5,0.863636364,443.1555556,538.3571429,95.2015873,1,1,0,703.8787879,606.5,726.15,858.625,0.8625,0.8,1,0.85,0,2,2,0,2,0,0,20,28,0,2,1,1,12,13,0,0,0,0,0
28330,Python First,20,F,,,,,,,,,,,,,,,,,,,,,,,,,,,,,,,,,,,,,,0.94025974,8,16,11,7,34,0.715,0.8825,0.29240383,0.160494029,15,0.6,0.684210526,0.333333333,15,0.6,0.681818182,0,28,0.682926829,2,0.222222222,30,0.6,15,0.6,0.7,1,0.9,1127.833333,1159.571429,991.2,1203.111111,0.625,61,,,,63,,,,12,33,25,15,18,12,103,30,,,,15,0.9375,0.75,0.7,360,YES,60,1,0.909090909,0.555555556,0.909090909,613.75,574.4,-39.35,1,1,0,1533.966667,1660.290323,1300.684211,1585.6,0.75,0.775,0.95,0.5,0,0,0,0,5,0,0,13,23,0,3,1,2,3,18,83,1,1,1,1
28331,Python First,20,F,,,,,,,,,,,,,,,,,,,,,,,,,,,,,,,,,,,,,,0.932467532,8,19,4,4,27,0.8625,0.8625,0.104363148,0.104363148,17,0.68,0.736842105,0.5,18,0.72,0.772727273,0.333333333,31,0.756097561,4,0.444444444,35,0.7,18,,,,,,,,,0.75,56,,,,48,,,,11,32,21,16,15,22,106,35,,,,16,0.5625,0.75,0.75,300,,60,0.857142857,0.133333333,0.076923077,0.571428571,343.097561,435.125,92.02743902,0.911111111,0.533333333,0.377777778,966.9375,903.2580645,950,1130.928571,0.825,0.825,0.95,0.7,1,0,0,0,10,0,1,17,22,1,1,1,0,8,18,59,1,1,1,1